Plate;Well Number;Well;Plate_Well;Characteristics [Organism];Term Source 1 REF;Term Source 1 Accession;Characteristics [Cell Line];Characteristics Comments;siRNA Pool Identifier;siRNA Library Name;Reagent Design Gene Annotation Build;Gene Identifier;Gene Symbol;Gene Symbol Synonyms;Gene Annotation Comments;RefSeq Locus;RefSeq GI Number;Analysis Gene Annotation Build;Control Type;Control Comments;Quality Control;Quality Control Comments;Channels;Comments
LM2_siGENOME_1A;51;C3;LM2_siGENOME_1A_C3;Homo sapiens;NCBITaxon;NCBITaxon_9606;LM2;LM2 is derived from MDA-MB-231;M-008868-01;Dharmacon siGENOME;;11214;AKAP13;;;NM_006738;31563329;;;;pass;;"AlexaFluor647:YAP/TAZ; AlexaFluor568:alphaTubulin;Phalloidin488: F-actin;Hoechst: nuclei";
LM2_siGENOME_1A;52;C4;LM2_siGENOME_1A_C4;Homo sapiens;NCBITaxon;NCBITaxon_9606;LM2;LM2 is derived from MDA-MB-231;M-015006-01;Dharmacon siGENOME;;84904;ARHGEF39;C9orf100;;NM_032818;90652856;;;;pass;;"AlexaFluor647:YAP/TAZ; AlexaFluor568:alphaTubulin;Phalloidin488: F-actin;Hoechst: nuclei";
LM2_siGENOME_1A;53;C5;LM2_siGENOME_1A_C5;Homo sapiens;NCBITaxon;NCBITaxon_9606;LM2;LM2 is derived from MDA-MB-231;M-005195-02;Dharmacon siGENOME;;6655;SOS2;;;NM_006939;154689779;;;;pass;;"AlexaFluor647:YAP/TAZ; AlexaFluor568:alphaTubulin;Phalloidin488: F-actin;Hoechst: nuclei";
LM2_siGENOME_1A;54;C6;LM2_siGENOME_1A_C6;Homo sapiens;NCBITaxon;NCBITaxon_9606;LM2;LM2 is derived from MDA-MB-231;M-008434-02;Dharmacon siGENOME;;26230;TIAM2;;;NM_001010927;73695942;;;;pass;;"AlexaFluor647:YAP/TAZ; AlexaFluor568:alphaTubulin;Phalloidin488: F-actin;Hoechst: nuclei";
LM2_siGENOME_1A;55;C7;LM2_siGENOME_1A_C7;Homo sapiens;NCBITaxon;NCBITaxon_9606;LM2;LM2 is derived from MDA-MB-231;M-008365-01;Dharmacon siGENOME;;6453;ITSN1;;;NM_001001132;47717124;;;;pass;;"AlexaFluor647:YAP/TAZ; AlexaFluor568:alphaTubulin;Phalloidin488: F-actin;Hoechst: nuclei";
LM2_siGENOME_1A;56;C8;LM2_siGENOME_1A_C8;Homo sapiens;NCBITaxon;NCBITaxon_9606;LM2;LM2 is derived from MDA-MB-231;M-003904-03;Dharmacon siGENOME;;4168;MCF2;;;NM_005369;153791324;;;;pass;;"AlexaFluor647:YAP/TAZ; AlexaFluor568:alphaTubulin;Phalloidin488: F-actin;Hoechst: nuclei";
LM2_siGENOME_1A;57;C9;LM2_siGENOME_1A_C9;Homo sapiens;NCBITaxon;NCBITaxon_9606;LM2;LM2 is derived from MDA-MB-231;M-003875-05;Dharmacon siGENOME;;613;BCR;;;NM_021574;82546844;;;;pass;;"AlexaFluor647:YAP/TAZ; AlexaFluor568:alphaTubulin;Phalloidin488: F-actin;Hoechst: nuclei";
LM2_siGENOME_1A;58;C10;LM2_siGENOME_1A_C10;Homo sapiens;NCBITaxon;NCBITaxon_9606;LM2;LM2 is derived from MDA-MB-231;M-010063-01;Dharmacon siGENOME;;57580;PREX1;;;NM_020820;112789552;;;;pass;;"AlexaFluor647:YAP/TAZ; AlexaFluor568:alphaTubulin;Phalloidin488: F-actin;Hoechst: nuclei";
LM2_siGENOME_1A;59;C11;LM2_siGENOME_1A_C11;Homo sapiens;NCBITaxon;NCBITaxon_9606;LM2;LM2 is derived from MDA-MB-231;M-013460-01;Dharmacon siGENOME;;9639;ARHGEF10;;;NM_014629;62568863;;;;pass;;"AlexaFluor647:YAP/TAZ; AlexaFluor568:alphaTubulin;Phalloidin488: F-actin;Hoechst: nuclei";
LM2_siGENOME_1A;60;C12;LM2_siGENOME_1A_C12;Homo sapiens;NCBITaxon;NCBITaxon_9606;LM2;LM2 is derived from MDA-MB-231;;;;;;;;;;;negative control;mock transfection;pass;;"AlexaFluor647:YAP/TAZ; AlexaFluor568:alphaTubulin;Phalloidin488: F-actin;Hoechst: nuclei";
LM2_siGENOME_1A;61;C13;LM2_siGENOME_1A_C13;Homo sapiens;NCBITaxon;NCBITaxon_9606;LM2;LM2 is derived from MDA-MB-231;M-017096-01;Dharmacon siGENOME;;55160;ARHGEF10L;FLJ10521;;NM_001011722;74136546;;;;pass;;"AlexaFluor647:YAP/TAZ; AlexaFluor568:alphaTubulin;Phalloidin488: F-actin;Hoechst: nuclei";
LM2_siGENOME_1A;62;C14;LM2_siGENOME_1A_C14;Homo sapiens;NCBITaxon;NCBITaxon_9606;LM2;LM2 is derived from MDA-MB-231;M-010063-01;Dharmacon siGENOME;;57580;PREX1;;;NM_020820;112789552;;;;pass;;"AlexaFluor647:YAP/TAZ; AlexaFluor568:alphaTubulin;Phalloidin488: F-actin;Hoechst: nuclei";
LM2_siGENOME_1A;63;C15;LM2_siGENOME_1A_C15;Homo sapiens;NCBITaxon;NCBITaxon_9606;LM2;LM2 is derived from MDA-MB-231;M-008370-02;Dharmacon siGENOME;;128272;ARHGEF19;;;NM_153213;141802042;;;;pass;;"AlexaFluor647:YAP/TAZ; AlexaFluor568:alphaTubulin;Phalloidin488: F-actin;Hoechst: nuclei";
LM2_siGENOME_1A;64;C16;LM2_siGENOME_1A_C16;Homo sapiens;NCBITaxon;NCBITaxon_9606;LM2;LM2 is derived from MDA-MB-231;M-022051-01;Dharmacon siGENOME;;26030;PLEKHG3;;;NM_015549;55749620;;;;pass;;"AlexaFluor647:YAP/TAZ; AlexaFluor568:alphaTubulin;Phalloidin488: F-actin;Hoechst: nuclei";
LM2_siGENOME_1A;65;C17;LM2_siGENOME_1A_C17;Homo sapiens;NCBITaxon;NCBITaxon_9606;LM2;LM2 is derived from MDA-MB-231;M-024506-02;Dharmacon siGENOME;;64283;ARHGEF28;RGNEF;Gene symbol updated by IDR curator to be consistent across plates.;NM_001080479;122937433;;;;pass;;"AlexaFluor647:YAP/TAZ; AlexaFluor568:alphaTubulin;Phalloidin488: F-actin;Hoechst: nuclei";
LM2_siGENOME_1A;66;C18;LM2_siGENOME_1A_C18;Homo sapiens;NCBITaxon;NCBITaxon_9606;LM2;LM2 is derived from MDA-MB-231;M-009616-00;Dharmacon siGENOME;;8874;ARHGEF7;;;NM_003899;22027526;;;;pass;;"AlexaFluor647:YAP/TAZ; AlexaFluor568:alphaTubulin;Phalloidin488: F-actin;Hoechst: nuclei";
LM2_siGENOME_1A;67;C19;LM2_siGENOME_1A_C19;Homo sapiens;NCBITaxon;NCBITaxon_9606;LM2;LM2 is derived from MDA-MB-231;M-003915-02;Dharmacon siGENOME;;10276;NET1;;;NM_005863;114145680;;;;pass;;"AlexaFluor647:YAP/TAZ; AlexaFluor568:alphaTubulin;Phalloidin488: F-actin;Hoechst: nuclei";
LM2_siGENOME_1A;68;C20;LM2_siGENOME_1A_C20;Homo sapiens;NCBITaxon;NCBITaxon_9606;LM2;LM2 is derived from MDA-MB-231;M-014602-01;Dharmacon siGENOME;;80243;PREX2;DEPDC2;;NM_025170;47578116;;;;pass;;"AlexaFluor647:YAP/TAZ; AlexaFluor568:alphaTubulin;Phalloidin488: F-actin;Hoechst: nuclei";
LM2_siGENOME_1A;69;C21;LM2_siGENOME_1A_C21;Homo sapiens;NCBITaxon;NCBITaxon_9606;LM2;LM2 is derived from MDA-MB-231;M-008519-02;Dharmacon siGENOME;;10160;FARP1;;;NM_001001715;159032536;;;;pass;;"AlexaFluor647:YAP/TAZ; AlexaFluor568:alphaTubulin;Phalloidin488: F-actin;Hoechst: nuclei";
LM2_siGENOME_1A;70;C22;LM2_siGENOME_1A_C22;Homo sapiens;NCBITaxon;NCBITaxon_9606;LM2;LM2 is derived from MDA-MB-231;M-023690-01;Dharmacon siGENOME;;64857;PLEKHG2;;;NM_022835;45237196;;;;pass;;"AlexaFluor647:YAP/TAZ; AlexaFluor568:alphaTubulin;Phalloidin488: F-actin;Hoechst: nuclei";
LM2_siGENOME_1A;75;D3;LM2_siGENOME_1A_D3;Homo sapiens;NCBITaxon;NCBITaxon_9606;LM2;LM2 is derived from MDA-MB-231;M-020314-01;Dharmacon siGENOME;;23229;ARHGEF9;;;NM_015185;7662107;;;;pass;;"AlexaFluor647:YAP/TAZ; AlexaFluor568:alphaTubulin;Phalloidin488: F-actin;Hoechst: nuclei";
LM2_siGENOME_1A;76;D4;LM2_siGENOME_1A_D4;Homo sapiens;NCBITaxon;NCBITaxon_9606;LM2;LM2 is derived from MDA-MB-231;M-004775-01;Dharmacon siGENOME;;57584;ARHGAP21;;;NM_020824;50345878;;;;pass;;"AlexaFluor647:YAP/TAZ; AlexaFluor568:alphaTubulin;Phalloidin488: F-actin;Hoechst: nuclei";
LM2_siGENOME_1A;77;D5;LM2_siGENOME_1A_D5;Homo sapiens;NCBITaxon;NCBITaxon_9606;LM2;LM2 is derived from MDA-MB-231;M-014170-00;Dharmacon siGENOME;;57722;IGDCC4;NOPE;Gene symbol updated by IDR curator to be consistent across plates.;NM_020962;19882240;;;;pass;;"AlexaFluor647:YAP/TAZ; AlexaFluor568:alphaTubulin;Phalloidin488: F-actin;Hoechst: nuclei";
LM2_siGENOME_1A;78;D6;LM2_siGENOME_1A_D6;Homo sapiens;NCBITaxon;NCBITaxon_9606;LM2;LM2 is derived from MDA-MB-231;M-009535-00;Dharmacon siGENOME;;4650;MYO9B;;;NM_004145;33356169;;;;pass;;"AlexaFluor647:YAP/TAZ; AlexaFluor568:alphaTubulin;Phalloidin488: F-actin;Hoechst: nuclei";
LM2_siGENOME_1A;79;D7;LM2_siGENOME_1A_D7;Homo sapiens;NCBITaxon;NCBITaxon_9606;LM2;LM2 is derived from MDA-MB-231;M-017968-01;Dharmacon siGENOME;;9732;DOCK4;;;NM_014705;92091571;;;;pass;;"AlexaFluor647:YAP/TAZ; AlexaFluor568:alphaTubulin;Phalloidin488: F-actin;Hoechst: nuclei";
LM2_siGENOME_1A;80;D8;LM2_siGENOME_1A_D8;Homo sapiens;NCBITaxon;NCBITaxon_9606;LM2;LM2 is derived from MDA-MB-231;M-009535-00;Dharmacon siGENOME;;4650;MYO9B;;;NM_004145;33356169;;;;pass;;"AlexaFluor647:YAP/TAZ; AlexaFluor568:alphaTubulin;Phalloidin488: F-actin;Hoechst: nuclei";
LM2_siGENOME_1A;81;D9;LM2_siGENOME_1A_D9;Homo sapiens;NCBITaxon;NCBITaxon_9606;LM2;LM2 is derived from MDA-MB-231;M-024733-01;Dharmacon siGENOME;;345930;ECT2L;LOC345930;Gene symbol updated by IDR curator to be consistent across plates.;NM_001077706;118150677;;;;pass;;"AlexaFluor647:YAP/TAZ; AlexaFluor568:alphaTubulin;Phalloidin488: F-actin;Hoechst: nuclei";
LM2_siGENOME_1A;82;D10;LM2_siGENOME_1A_D10;Homo sapiens;NCBITaxon;NCBITaxon_9606;LM2;LM2 is derived from MDA-MB-231;M-026304-01;Dharmacon siGENOME;;23268;DNMBP;;;NM_015221;157426903;;;;pass;;"AlexaFluor647:YAP/TAZ; AlexaFluor568:alphaTubulin;Phalloidin488: F-actin;Hoechst: nuclei";
LM2_siGENOME_1A;83;D11;LM2_siGENOME_1A_D11;Homo sapiens;NCBITaxon;NCBITaxon_9606;LM2;LM2 is derived from MDA-MB-231;M-023079-01;Dharmacon siGENOME;;55619;DOCK10;;;NM_014689;154146188;;;;pass;;"AlexaFluor647:YAP/TAZ; AlexaFluor568:alphaTubulin;Phalloidin488: F-actin;Hoechst: nuclei";
LM2_siGENOME_1A;84;D12;LM2_siGENOME_1A_D12;Homo sapiens;NCBITaxon;NCBITaxon_9606;LM2;LM2 is derived from MDA-MB-231;M-026514-01;Dharmacon siGENOME;;57569;ARHGAP20;;;NM_020809;51479147;;;;pass;;"AlexaFluor647:YAP/TAZ; AlexaFluor568:alphaTubulin;Phalloidin488: F-actin;Hoechst: nuclei";
LM2_siGENOME_1A;85;D13;LM2_siGENOME_1A_D13;Homo sapiens;NCBITaxon;NCBITaxon_9606;LM2;LM2 is derived from MDA-MB-231;M-032389-00;Dharmacon siGENOME;;440107;PLEKHG7;FLJ46688;Gene symbol updated by IDR curator to be consistent across plates.;NM_001004330;51972239;;;;pass;;"AlexaFluor647:YAP/TAZ; AlexaFluor568:alphaTubulin;Phalloidin488: F-actin;Hoechst: nuclei";
LM2_siGENOME_1A;86;D14;LM2_siGENOME_1A_D14;Homo sapiens;NCBITaxon;NCBITaxon_9606;LM2;LM2 is derived from MDA-MB-231;;;;;;;;;;;negative control;mock transfection;pass;;"AlexaFluor647:YAP/TAZ; AlexaFluor568:alphaTubulin;Phalloidin488: F-actin;Hoechst: nuclei";
LM2_siGENOME_1A;87;D15;LM2_siGENOME_1A_D15;Homo sapiens;NCBITaxon;NCBITaxon_9606;LM2;LM2 is derived from MDA-MB-231;M-020318-01;Dharmacon siGENOME;;55200;PLEKHG6;FLJ10665;Gene symbol updated by IDR curator to be consistent across plates.;NM_018173;141803343;;;;pass;;"AlexaFluor647:YAP/TAZ; AlexaFluor568:alphaTubulin;Phalloidin488: F-actin;Hoechst: nuclei";
LM2_siGENOME_1A;88;D16;LM2_siGENOME_1A_D16;Homo sapiens;NCBITaxon;NCBITaxon_9606;LM2;LM2 is derived from MDA-MB-231;M-008426-01;Dharmacon siGENOME;;23092;ARHGAP26;;;NM_015071;87159827;;;;pass;;"AlexaFluor647:YAP/TAZ; AlexaFluor568:alphaTubulin;Phalloidin488: F-actin;Hoechst: nuclei";
LM2_siGENOME_1A;89;D17;LM2_siGENOME_1A_D17;Homo sapiens;NCBITaxon;NCBITaxon_9606;LM2;LM2 is derived from MDA-MB-231;M-014168-01;Dharmacon siGENOME;;57679;ALS2;;;NM_020919;40316934;;;;pass;;"AlexaFluor647:YAP/TAZ; AlexaFluor568:alphaTubulin;Phalloidin488: F-actin;Hoechst: nuclei";
LM2_siGENOME_1A;90;D18;LM2_siGENOME_1A_D18;Homo sapiens;NCBITaxon;NCBITaxon_9606;LM2;LM2 is derived from MDA-MB-231;M-009266-00;Dharmacon siGENOME;;10928;RALBP1;;;NM_006788;21361362;;;;pass;;"AlexaFluor647:YAP/TAZ; AlexaFluor568:alphaTubulin;Phalloidin488: F-actin;Hoechst: nuclei";
LM2_siGENOME_1A;91;D19;LM2_siGENOME_1A_D19;Homo sapiens;NCBITaxon;NCBITaxon_9606;LM2;LM2 is derived from MDA-MB-231;M-015696-01;Dharmacon siGENOME;;139818;DOCK11;;;NM_144658;145699122;;;;pass;;"AlexaFluor647:YAP/TAZ; AlexaFluor568:alphaTubulin;Phalloidin488: F-actin;Hoechst: nuclei";
LM2_siGENOME_1A;92;D20;LM2_siGENOME_1A_D20;Homo sapiens;NCBITaxon;NCBITaxon_9606;LM2;LM2 is derived from MDA-MB-231;M-009266-00;Dharmacon siGENOME;;10928;RALBP1;;;NM_006788;21361362;;;;pass;;"AlexaFluor647:YAP/TAZ; AlexaFluor568:alphaTubulin;Phalloidin488: F-actin;Hoechst: nuclei";
LM2_siGENOME_1A;93;D21;LM2_siGENOME_1A_D21;Homo sapiens;NCBITaxon;NCBITaxon_9606;LM2;LM2 is derived from MDA-MB-231;;;;;;;;;;;negative control;mock transfection;pass;;"AlexaFluor647:YAP/TAZ; AlexaFluor568:alphaTubulin;Phalloidin488: F-actin;Hoechst: nuclei";
LM2_siGENOME_1A;94;D22;LM2_siGENOME_1A_D22;Homo sapiens;NCBITaxon;NCBITaxon_9606;LM2;LM2 is derived from MDA-MB-231;M-009382-01;Dharmacon siGENOME;;79658;ARHGAP10;;;NM_024605;31377700;;;;pass;;"AlexaFluor647:YAP/TAZ; AlexaFluor568:alphaTubulin;Phalloidin488: F-actin;Hoechst: nuclei";
LM2_siGENOME_1A;99;E3;LM2_siGENOME_1A_E3;Homo sapiens;NCBITaxon;NCBITaxon_9606;LM2;LM2 is derived from MDA-MB-231;M-009883-01;Dharmacon siGENOME;;9181;ARHGEF2;;;NM_004723;15011973;;;;pass;;"AlexaFluor647:YAP/TAZ; AlexaFluor568:alphaTubulin;Phalloidin488: F-actin;Hoechst: nuclei";
LM2_siGENOME_1A;100;E4;LM2_siGENOME_1A_E4;Homo sapiens;NCBITaxon;NCBITaxon_9606;LM2;LM2 is derived from MDA-MB-231;;;;;;;;;;;negative control;mock transfection;pass;;"AlexaFluor647:YAP/TAZ; AlexaFluor568:alphaTubulin;Phalloidin488: F-actin;Hoechst: nuclei";
LM2_siGENOME_1A;101;E5;LM2_siGENOME_1A_E5;Homo sapiens;NCBITaxon;NCBITaxon_9606;LM2;LM2 is derived from MDA-MB-231;;;;;;;;;;;negative control;mock transfection;pass;;"AlexaFluor647:YAP/TAZ; AlexaFluor568:alphaTubulin;Phalloidin488: F-actin;Hoechst: nuclei";
LM2_siGENOME_1A;102;E6;LM2_siGENOME_1A_E6;Homo sapiens;NCBITaxon;NCBITaxon_9606;LM2;LM2 is derived from MDA-MB-231;M-005047-00;Dharmacon siGENOME;;7204;TRIO;;;NM_007118;6005921;;;;pass;;"AlexaFluor647:YAP/TAZ; AlexaFluor568:alphaTubulin;Phalloidin488: F-actin;Hoechst: nuclei";
LM2_siGENOME_1A;103;E7;LM2_siGENOME_1A_E7;Homo sapiens;NCBITaxon;NCBITaxon_9606;LM2;LM2 is derived from MDA-MB-231;M-024506-02;Dharmacon siGENOME;;64283;ARHGEF28;RGNEF;Gene symbol updated by IDR curator to be consistent across plates.;NM_001080479;122937433;;;;pass;;"AlexaFluor647:YAP/TAZ; AlexaFluor568:alphaTubulin;Phalloidin488: F-actin;Hoechst: nuclei";
LM2_siGENOME_1A;104;E8;LM2_siGENOME_1A_E8;Homo sapiens;NCBITaxon;NCBITaxon_9606;LM2;LM2 is derived from MDA-MB-231;M-031878-01;Dharmacon siGENOME;;153478;PLEKHG4B;KIAA1909;Gene symbol updated by IDR curator to be consistent across plates.;NM_052909;148529024;;;;pass;;"AlexaFluor647:YAP/TAZ; AlexaFluor568:alphaTubulin;Phalloidin488: F-actin;Hoechst: nuclei";
LM2_siGENOME_1A;105;E9;LM2_siGENOME_1A_E9;Homo sapiens;NCBITaxon;NCBITaxon_9606;LM2;LM2 is derived from MDA-MB-231;M-008370-02;Dharmacon siGENOME;;128272;ARHGEF19;;;NM_153213;141802042;;;;pass;;"AlexaFluor647:YAP/TAZ; AlexaFluor568:alphaTubulin;Phalloidin488: F-actin;Hoechst: nuclei";
LM2_siGENOME_1A;106;E10;LM2_siGENOME_1A_E10;Homo sapiens;NCBITaxon;NCBITaxon_9606;LM2;LM2 is derived from MDA-MB-231;M-010098-01;Dharmacon siGENOME;;23263;MCF2L;;;NM_001112732;163644324;;;;pass;;"AlexaFluor647:YAP/TAZ; AlexaFluor568:alphaTubulin;Phalloidin488: F-actin;Hoechst: nuclei";
LM2_siGENOME_1A;107;E11;LM2_siGENOME_1A_E11;Homo sapiens;NCBITaxon;NCBITaxon_9606;LM2;LM2 is derived from MDA-MB-231;;;;;;;;;;;negative control;mock transfection;pass;;"AlexaFluor647:YAP/TAZ; AlexaFluor568:alphaTubulin;Phalloidin488: F-actin;Hoechst: nuclei";
LM2_siGENOME_1A;108;E12;LM2_siGENOME_1A_E12;Homo sapiens;NCBITaxon;NCBITaxon_9606;LM2;LM2 is derived from MDA-MB-231;M-026895-01;Dharmacon siGENOME;;55785;FGD6;;;NM_018351;154240685;;;;pass;;"AlexaFluor647:YAP/TAZ; AlexaFluor568:alphaTubulin;Phalloidin488: F-actin;Hoechst: nuclei";
LM2_siGENOME_1A;109;E13;LM2_siGENOME_1A_E13;Homo sapiens;NCBITaxon;NCBITaxon_9606;LM2;LM2 is derived from MDA-MB-231;M-008365-01;Dharmacon siGENOME;;6453;ITSN1;;;NM_001001132;47717124;;;;pass;;"AlexaFluor647:YAP/TAZ; AlexaFluor568:alphaTubulin;Phalloidin488: F-actin;Hoechst: nuclei";
LM2_siGENOME_1A;110;E14;LM2_siGENOME_1A_E14;Homo sapiens;NCBITaxon;NCBITaxon_9606;LM2;LM2 is derived from MDA-MB-231;M-014602-01;Dharmacon siGENOME;;80243;PREX2;DEPDC2;;NM_025170;47578116;;;;pass;;"AlexaFluor647:YAP/TAZ; AlexaFluor568:alphaTubulin;Phalloidin488: F-actin;Hoechst: nuclei";
LM2_siGENOME_1A;111;E15;LM2_siGENOME_1A_E15;Homo sapiens;NCBITaxon;NCBITaxon_9606;LM2;LM2 is derived from MDA-MB-231;M-005093-02;Dharmacon siGENOME;;7984;ARHGEF5;;;NM_005435;50959190;;;;pass;;"AlexaFluor647:YAP/TAZ; AlexaFluor568:alphaTubulin;Phalloidin488: F-actin;Hoechst: nuclei";
LM2_siGENOME_1A;112;E16;LM2_siGENOME_1A_E16;Homo sapiens;NCBITaxon;NCBITaxon_9606;LM2;LM2 is derived from MDA-MB-231;M-022573-01;Dharmacon siGENOME;;25894;PLEKHG4;;;NM_015432;70912385;;;;pass;;"AlexaFluor647:YAP/TAZ; AlexaFluor568:alphaTubulin;Phalloidin488: F-actin;Hoechst: nuclei";
LM2_siGENOME_1A;113;E17;LM2_siGENOME_1A_E17;Homo sapiens;NCBITaxon;NCBITaxon_9606;LM2;LM2 is derived from MDA-MB-231;M-008611-00;Dharmacon siGENOME;;29;ABR;;;NM_001092;38679953;;;;pass;;"AlexaFluor647:YAP/TAZ; AlexaFluor568:alphaTubulin;Phalloidin488: F-actin;Hoechst: nuclei";
LM2_siGENOME_1A;114;E18;LM2_siGENOME_1A_E18;Homo sapiens;NCBITaxon;NCBITaxon_9606;LM2;LM2 is derived from MDA-MB-231;M-028077-01;Dharmacon siGENOME;;152273;FGD5;;;NM_152536;50080161;;;;pass;;"AlexaFluor647:YAP/TAZ; AlexaFluor568:alphaTubulin;Phalloidin488: F-actin;Hoechst: nuclei";
LM2_siGENOME_1A;115;E19;LM2_siGENOME_1A_E19;Homo sapiens;NCBITaxon;NCBITaxon_9606;LM2;LM2 is derived from MDA-MB-231;M-013243-00;Dharmacon siGENOME;;50650;ARHGEF3;;;NM_019555;9506400;;;;pass;;"AlexaFluor647:YAP/TAZ; AlexaFluor568:alphaTubulin;Phalloidin488: F-actin;Hoechst: nuclei";
LM2_siGENOME_1A;116;E20;LM2_siGENOME_1A_E20;Homo sapiens;NCBITaxon;NCBITaxon_9606;LM2;LM2 is derived from MDA-MB-231;M-010178-03;Dharmacon siGENOME;;10451;VAV3;;;NM_001079874;120432041;;;;pass;;"AlexaFluor647:YAP/TAZ; AlexaFluor568:alphaTubulin;Phalloidin488: F-actin;Hoechst: nuclei";
LM2_siGENOME_1A;117;E21;LM2_siGENOME_1A_E21;Homo sapiens;NCBITaxon;NCBITaxon_9606;LM2;LM2 is derived from MDA-MB-231;M-009323-00;Dharmacon siGENOME;;5923;RASGRF1;;;NM_002891;24797098;;;;pass;;"AlexaFluor647:YAP/TAZ; AlexaFluor568:alphaTubulin;Phalloidin488: F-actin;Hoechst: nuclei";
LM2_siGENOME_1A;118;E22;LM2_siGENOME_1A_E22;Homo sapiens;NCBITaxon;NCBITaxon_9606;LM2;LM2 is derived from MDA-MB-231;M-010371-01;Dharmacon siGENOME;;89846;FGD3;;;NM_033086;134133264;;;;pass;;"AlexaFluor647:YAP/TAZ; AlexaFluor568:alphaTubulin;Phalloidin488: F-actin;Hoechst: nuclei";
LM2_siGENOME_1A;123;F3;LM2_siGENOME_1A_F3;Homo sapiens;NCBITaxon;NCBITaxon_9606;LM2;LM2 is derived from MDA-MB-231;M-010323-01;Dharmacon siGENOME;;23075;SWAP70;;;NM_015055;93102363;;;;pass;;"AlexaFluor647:YAP/TAZ; AlexaFluor568:alphaTubulin;Phalloidin488: F-actin;Hoechst: nuclei";
LM2_siGENOME_1A;124;F4;LM2_siGENOME_1A_F4;Homo sapiens;NCBITaxon;NCBITaxon_9606;LM2;LM2 is derived from MDA-MB-231;M-004158-02;Dharmacon siGENOME;;2909;GRLF1;;;NM_004491;150417980;;;;pass;;"AlexaFluor647:YAP/TAZ; AlexaFluor568:alphaTubulin;Phalloidin488: F-actin;Hoechst: nuclei";
LM2_siGENOME_1A;125;F5;LM2_siGENOME_1A_F5;Homo sapiens;NCBITaxon;NCBITaxon_9606;LM2;LM2 is derived from MDA-MB-231;M-017817-01;Dharmacon siGENOME;;50619;DEF6;;;NM_022047;145312240;;;;pass;;"AlexaFluor647:YAP/TAZ; AlexaFluor568:alphaTubulin;Phalloidin488: F-actin;Hoechst: nuclei";
LM2_siGENOME_1A;126;F6;LM2_siGENOME_1A_F6;Homo sapiens;NCBITaxon;NCBITaxon_9606;LM2;LM2 is derived from MDA-MB-231;M-020676-00;Dharmacon siGENOME;;56848;FLJ20184;;;NM_017700;8923172;;;;pass;;"AlexaFluor647:YAP/TAZ; AlexaFluor568:alphaTubulin;Phalloidin488: F-actin;Hoechst: nuclei";
LM2_siGENOME_1A;127;F7;LM2_siGENOME_1A_F7;Homo sapiens;NCBITaxon;NCBITaxon_9606;LM2;LM2 is derived from MDA-MB-231;;;;;;;;;;;negative control;mock transfection;pass;;"AlexaFluor647:YAP/TAZ; AlexaFluor568:alphaTubulin;Phalloidin488: F-actin;Hoechst: nuclei";
LM2_siGENOME_1A;128;F8;LM2_siGENOME_1A_F8;Homo sapiens;NCBITaxon;NCBITaxon_9606;LM2;LM2 is derived from MDA-MB-231;M-008650-00;Dharmacon siGENOME;;29127;RACGAP1;;;NM_013277;21361396;;positive control;checks for transfection, gives strong multinuclear phenotype;pass;;"AlexaFluor647:YAP/TAZ; AlexaFluor568:alphaTubulin;Phalloidin488: F-actin;Hoechst: nuclei";
LM2_siGENOME_1A;129;F9;LM2_siGENOME_1A_F9;Homo sapiens;NCBITaxon;NCBITaxon_9606;LM2;LM2 is derived from MDA-MB-231;M-019915-00;Dharmacon siGENOME;;1794;DOCK2;;;NM_004946;31377467;;;;pass;;"AlexaFluor647:YAP/TAZ; AlexaFluor568:alphaTubulin;Phalloidin488: F-actin;Hoechst: nuclei";
LM2_siGENOME_1A;130;F10;LM2_siGENOME_1A_F10;Homo sapiens;NCBITaxon;NCBITaxon_9606;LM2;LM2 is derived from MDA-MB-231;M-009302-00;Dharmacon siGENOME;;116984;ARAP2;CENTD1;Gene symbol updated by IDR curator to be consistent across plates.;NM_015230;21264591;;;;pass;;"AlexaFluor647:YAP/TAZ; AlexaFluor568:alphaTubulin;Phalloidin488: F-actin;Hoechst: nuclei";
LM2_siGENOME_1A;131;F11;LM2_siGENOME_1A_F11;Homo sapiens;NCBITaxon;NCBITaxon_9606;LM2;LM2 is derived from MDA-MB-231;M-032927-01;Dharmacon siGENOME;;389337;ARHGEF37;FLJ41603;Gene symbol updated by IDR curator to be consistent across plates.;NM_001001669;83715965;;;;pass;;"AlexaFluor647:YAP/TAZ; AlexaFluor568:alphaTubulin;Phalloidin488: F-actin;Hoechst: nuclei";
LM2_siGENOME_1A;132;F12;LM2_siGENOME_1A_F12;Homo sapiens;NCBITaxon;NCBITaxon_9606;LM2;LM2 is derived from MDA-MB-231;M-009546-01;Dharmacon siGENOME;;23616;SH3BP1;;;NM_018957;85815828;;;;pass;;"AlexaFluor647:YAP/TAZ; AlexaFluor568:alphaTubulin;Phalloidin488: F-actin;Hoechst: nuclei";
LM2_siGENOME_1A;133;F13;LM2_siGENOME_1A_F13;Homo sapiens;NCBITaxon;NCBITaxon_9606;LM2;LM2 is derived from MDA-MB-231;M-031950-01;Dharmacon siGENOME;;57572;DOCK6;;;NM_020812;157426886;;;;pass;;"AlexaFluor647:YAP/TAZ; AlexaFluor568:alphaTubulin;Phalloidin488: F-actin;Hoechst: nuclei";
LM2_siGENOME_1A;134;F14;LM2_siGENOME_1A_F14;Homo sapiens;NCBITaxon;NCBITaxon_9606;LM2;LM2 is derived from MDA-MB-231;M-008966-00;Dharmacon siGENOME;;392;ARHGAP1;;;NM_004308;19923243;;;;pass;;"AlexaFluor647:YAP/TAZ; AlexaFluor568:alphaTubulin;Phalloidin488: F-actin;Hoechst: nuclei";
LM2_siGENOME_1A;135;F15;LM2_siGENOME_1A_F15;Homo sapiens;NCBITaxon;NCBITaxon_9606;LM2;LM2 is derived from MDA-MB-231;M-031725-01;Dharmacon siGENOME;;85440;DOCK7;;;NM_033407;54112428;;;;pass;;"AlexaFluor647:YAP/TAZ; AlexaFluor568:alphaTubulin;Phalloidin488: F-actin;Hoechst: nuclei";
LM2_siGENOME_1A;136;F16;LM2_siGENOME_1A_F16;Homo sapiens;NCBITaxon;NCBITaxon_9606;LM2;LM2 is derived from MDA-MB-231;;;;;;;;;;;negative control;mock transfection;pass;;"AlexaFluor647:YAP/TAZ; AlexaFluor568:alphaTubulin;Phalloidin488: F-actin;Hoechst: nuclei";
LM2_siGENOME_1A;137;F17;LM2_siGENOME_1A_F17;Homo sapiens;NCBITaxon;NCBITaxon_9606;LM2;LM2 is derived from MDA-MB-231;M-006450-00;Dharmacon siGENOME;;1894;ECT2;;;NM_018098;21735571;;positive control;checks for transfection, gives strong multinuclear phenotype;pass;;"AlexaFluor647:YAP/TAZ; AlexaFluor568:alphaTubulin;Phalloidin488: F-actin;Hoechst: nuclei";
LM2_siGENOME_1A;138;F18;LM2_siGENOME_1A_F18;Homo sapiens;NCBITaxon;NCBITaxon_9606;LM2;LM2 is derived from MDA-MB-231;M-008335-01;Dharmacon siGENOME;;55114;ARHGAP17;;;NM_018054;56860104;;;;pass;;"AlexaFluor647:YAP/TAZ; AlexaFluor568:alphaTubulin;Phalloidin488: F-actin;Hoechst: nuclei";
LM2_siGENOME_1A;139;F19;LM2_siGENOME_1A_F19;Homo sapiens;NCBITaxon;NCBITaxon_9606;LM2;LM2 is derived from MDA-MB-231;M-027177-02;Dharmacon siGENOME;;84033;OBSCN;;;NM_052843;58331252;;;;pass;;"AlexaFluor647:YAP/TAZ; AlexaFluor568:alphaTubulin;Phalloidin488: F-actin;Hoechst: nuclei";
LM2_siGENOME_1A;140;F20;LM2_siGENOME_1A_F20;Homo sapiens;NCBITaxon;NCBITaxon_9606;LM2;LM2 is derived from MDA-MB-231;;;;;;;;;;;negative control;mock transfection;pass;;"AlexaFluor647:YAP/TAZ; AlexaFluor568:alphaTubulin;Phalloidin488: F-actin;Hoechst: nuclei";
LM2_siGENOME_1A;141;F21;LM2_siGENOME_1A_F21;Homo sapiens;NCBITaxon;NCBITaxon_9606;LM2;LM2 is derived from MDA-MB-231;M-015696-01;Dharmacon siGENOME;;139818;DOCK11;;;NM_144658;145699122;;;;pass;;"AlexaFluor647:YAP/TAZ; AlexaFluor568:alphaTubulin;Phalloidin488: F-actin;Hoechst: nuclei";
LM2_siGENOME_1A;142;F22;LM2_siGENOME_1A_F22;Homo sapiens;NCBITaxon;NCBITaxon_9606;LM2;LM2 is derived from MDA-MB-231;M-035016-00;Dharmacon siGENOME;;89839;FAM7A2;;;NM_001039841;89886349;;;;pass;;"AlexaFluor647:YAP/TAZ; AlexaFluor568:alphaTubulin;Phalloidin488: F-actin;Hoechst: nuclei";
LM2_siGENOME_1A;147;G3;LM2_siGENOME_1A_G3;Homo sapiens;NCBITaxon;NCBITaxon_9606;LM2;LM2 is derived from MDA-MB-231;;;;;;;;;;;negative control;mock transfection;pass;;"AlexaFluor647:YAP/TAZ; AlexaFluor568:alphaTubulin;Phalloidin488: F-actin;Hoechst: nuclei";
LM2_siGENOME_1A;148;G4;LM2_siGENOME_1A_G4;Homo sapiens;NCBITaxon;NCBITaxon_9606;LM2;LM2 is derived from MDA-MB-231;M-003932-02;Dharmacon siGENOME;;7074;TIAM1;;;NM_003253;115583669;;;;pass;;"AlexaFluor647:YAP/TAZ; AlexaFluor568:alphaTubulin;Phalloidin488: F-actin;Hoechst: nuclei";
LM2_siGENOME_1A;149;G5;LM2_siGENOME_1A_G5;Homo sapiens;NCBITaxon;NCBITaxon_9606;LM2;LM2 is derived from MDA-MB-231;M-009654-00;Dharmacon siGENOME;;23370;ARHGEF18;;;NM_015318;14670376;;;;pass;;"AlexaFluor647:YAP/TAZ; AlexaFluor568:alphaTubulin;Phalloidin488: F-actin;Hoechst: nuclei";
LM2_siGENOME_1A;150;G6;LM2_siGENOME_1A_G6;Homo sapiens;NCBITaxon;NCBITaxon_9606;LM2;LM2 is derived from MDA-MB-231;M-023690-01;Dharmacon siGENOME;;64857;PLEKHG2;;;NM_022835;45237196;;;;pass;;"AlexaFluor647:YAP/TAZ; AlexaFluor568:alphaTubulin;Phalloidin488: F-actin;Hoechst: nuclei";
LM2_siGENOME_1A;151;G7;LM2_siGENOME_1A_G7;Homo sapiens;NCBITaxon;NCBITaxon_9606;LM2;LM2 is derived from MDA-MB-231;M-008611-00;Dharmacon siGENOME;;29;ABR;;;NM_001092;38679953;;;;pass;;"AlexaFluor647:YAP/TAZ; AlexaFluor568:alphaTubulin;Phalloidin488: F-actin;Hoechst: nuclei";
LM2_siGENOME_1A;152;G8;LM2_siGENOME_1A_G8;Homo sapiens;NCBITaxon;NCBITaxon_9606;LM2;LM2 is derived from MDA-MB-231;M-010231-00;Dharmacon siGENOME;;9459;ARHGEF6;;;NM_004840;22027524;;;;pass;;"AlexaFluor647:YAP/TAZ; AlexaFluor568:alphaTubulin;Phalloidin488: F-actin;Hoechst: nuclei";
LM2_siGENOME_1A;153;G9;LM2_siGENOME_1A_G9;Homo sapiens;NCBITaxon;NCBITaxon_9606;LM2;LM2 is derived from MDA-MB-231;M-009751-01;Dharmacon siGENOME;;9828;ARHGEF17;;;NM_014786;21361457;;;;pass;;"AlexaFluor647:YAP/TAZ; AlexaFluor568:alphaTubulin;Phalloidin488: F-actin;Hoechst: nuclei";
LM2_siGENOME_1A;154;G10;LM2_siGENOME_1A_G10;Homo sapiens;NCBITaxon;NCBITaxon_9606;LM2;LM2 is derived from MDA-MB-231;M-009313-00;Dharmacon siGENOME;;23101;MCF2L2;;;NM_015078;31742504;;;;pass;;"AlexaFluor647:YAP/TAZ; AlexaFluor568:alphaTubulin;Phalloidin488: F-actin;Hoechst: nuclei";
LM2_siGENOME_1A;155;G11;LM2_siGENOME_1A_G11;Homo sapiens;NCBITaxon;NCBITaxon_9606;LM2;LM2 is derived from MDA-MB-231;M-003875-05;Dharmacon siGENOME;;613;BCR;;;NM_021574;82546844;;;;pass;;"AlexaFluor647:YAP/TAZ; AlexaFluor568:alphaTubulin;Phalloidin488: F-actin;Hoechst: nuclei";
LM2_siGENOME_1A;156;G12;LM2_siGENOME_1A_G12;Homo sapiens;NCBITaxon;NCBITaxon_9606;LM2;LM2 is derived from MDA-MB-231;M-026895-01;Dharmacon siGENOME;;55785;FGD6;;;NM_018351;154240685;;;;pass;;"AlexaFluor647:YAP/TAZ; AlexaFluor568:alphaTubulin;Phalloidin488: F-actin;Hoechst: nuclei";
LM2_siGENOME_1A;157;G13;LM2_siGENOME_1A_G13;Homo sapiens;NCBITaxon;NCBITaxon_9606;LM2;LM2 is derived from MDA-MB-231;M-010360-00;Dharmacon siGENOME;;9826;ARHGEF11;;;NM_014784;38026914;;;;pass;;"AlexaFluor647:YAP/TAZ; AlexaFluor568:alphaTubulin;Phalloidin488: F-actin;Hoechst: nuclei";
LM2_siGENOME_1A;158;G14;LM2_siGENOME_1A_G14;Homo sapiens;NCBITaxon;NCBITaxon_9606;LM2;LM2 is derived from MDA-MB-231;M-008431-00;Dharmacon siGENOME;;221472;FGD2;;;NM_173558;34222232;;;;pass;;"AlexaFluor647:YAP/TAZ; AlexaFluor568:alphaTubulin;Phalloidin488: F-actin;Hoechst: nuclei";
LM2_siGENOME_1A;159;G15;LM2_siGENOME_1A_G15;Homo sapiens;NCBITaxon;NCBITaxon_9606;LM2;LM2 is derived from MDA-MB-231;M-013460-01;Dharmacon siGENOME;;9639;ARHGEF10;;;NM_014629;62568863;;;;pass;;"AlexaFluor647:YAP/TAZ; AlexaFluor568:alphaTubulin;Phalloidin488: F-actin;Hoechst: nuclei";
LM2_siGENOME_1A;160;G16;LM2_siGENOME_1A_G16;Homo sapiens;NCBITaxon;NCBITaxon_9606;LM2;LM2 is derived from MDA-MB-231;M-013873-01;Dharmacon siGENOME;;57449;PLEKHG5;KIAA0720;Gene symbol updated by IDR curator to be consistent across plates.;NM_020631;111154086;;;;pass;;"AlexaFluor647:YAP/TAZ; AlexaFluor568:alphaTubulin;Phalloidin488: F-actin;Hoechst: nuclei";
LM2_siGENOME_1A;161;G17;LM2_siGENOME_1A_G17;Homo sapiens;NCBITaxon;NCBITaxon_9606;LM2;LM2 is derived from MDA-MB-231;M-010234-01;Dharmacon siGENOME;;27237;ARHGEF16;;;NM_014448;163792207;;;;pass;;"AlexaFluor647:YAP/TAZ; AlexaFluor568:alphaTubulin;Phalloidin488: F-actin;Hoechst: nuclei";
LM2_siGENOME_1A;162;G18;LM2_siGENOME_1A_G18;Homo sapiens;NCBITaxon;NCBITaxon_9606;LM2;LM2 is derived from MDA-MB-231;M-010371-01;Dharmacon siGENOME;;89846;FGD3;;;NM_033086;134133264;;;;pass;;"AlexaFluor647:YAP/TAZ; AlexaFluor568:alphaTubulin;Phalloidin488: F-actin;Hoechst: nuclei";
LM2_siGENOME_1A;163;G19;LM2_siGENOME_1A_G19;Homo sapiens;NCBITaxon;NCBITaxon_9606;LM2;LM2 is derived from MDA-MB-231;M-024516-01;Dharmacon siGENOME;;5924;RASGRF2;;;NM_006909;38505169;;;;pass;;"AlexaFluor647:YAP/TAZ; AlexaFluor568:alphaTubulin;Phalloidin488: F-actin;Hoechst: nuclei";
LM2_siGENOME_1A;164;G20;LM2_siGENOME_1A_G20;Homo sapiens;NCBITaxon;NCBITaxon_9606;LM2;LM2 is derived from MDA-MB-231;M-013873-01;Dharmacon siGENOME;;57449;PLEKHG5;KIAA0720;Gene symbol updated by IDR curator to be consistent across plates.;NM_020631;111154086;;;;pass;;"AlexaFluor647:YAP/TAZ; AlexaFluor568:alphaTubulin;Phalloidin488: F-actin;Hoechst: nuclei";
LM2_siGENOME_1A;165;G21;LM2_siGENOME_1A_G21;Homo sapiens;NCBITaxon;NCBITaxon_9606;LM2;LM2 is derived from MDA-MB-231;M-013243-00;Dharmacon siGENOME;;50650;ARHGEF3;;;NM_019555;9506400;;;;pass;;"AlexaFluor647:YAP/TAZ; AlexaFluor568:alphaTubulin;Phalloidin488: F-actin;Hoechst: nuclei";
LM2_siGENOME_1A;166;G22;LM2_siGENOME_1A_G22;Homo sapiens;NCBITaxon;NCBITaxon_9606;LM2;LM2 is derived from MDA-MB-231;M-031878-01;Dharmacon siGENOME;;153478;PLEKHG4B;KIAA1909;Gene symbol updated by IDR curator to be consistent across plates.;NM_052909;148529024;;;;pass;;"AlexaFluor647:YAP/TAZ; AlexaFluor568:alphaTubulin;Phalloidin488: F-actin;Hoechst: nuclei";
LM2_siGENOME_1A;171;H3;LM2_siGENOME_1A_H3;Homo sapiens;NCBITaxon;NCBITaxon_9606;LM2;LM2 is derived from MDA-MB-231;M-012695-01;Dharmacon siGENOME;;1795;DOCK3;;;NM_004947;54400756;;;;pass;;"AlexaFluor647:YAP/TAZ; AlexaFluor568:alphaTubulin;Phalloidin488: F-actin;Hoechst: nuclei";
LM2_siGENOME_1A;172;H4;LM2_siGENOME_1A_H4;Homo sapiens;NCBITaxon;NCBITaxon_9606;LM2;LM2 is derived from MDA-MB-231;M-006539-01;Dharmacon siGENOME;;4649;MYO9A;;;NM_006901;156119614;;;;pass;;"AlexaFluor647:YAP/TAZ; AlexaFluor568:alphaTubulin;Phalloidin488: F-actin;Hoechst: nuclei";
LM2_siGENOME_1A;173;H5;LM2_siGENOME_1A_H5;Homo sapiens;NCBITaxon;NCBITaxon_9606;LM2;LM2 is derived from MDA-MB-231;M-014040-00;Dharmacon siGENOME;;23348;DOCK9;;;NM_015296;24308028;;;;pass;;"AlexaFluor647:YAP/TAZ; AlexaFluor568:alphaTubulin;Phalloidin488: F-actin;Hoechst: nuclei";
LM2_siGENOME_1A;174;H6;LM2_siGENOME_1A_H6;Homo sapiens;NCBITaxon;NCBITaxon_9606;LM2;LM2 is derived from MDA-MB-231;M-009136-02;Dharmacon siGENOME;;116985;ARAP1;CENTD2;Gene symbol updated by IDR curator to be consistent across plates.;NM_015242;92091602;;;;pass;;"AlexaFluor647:YAP/TAZ; AlexaFluor568:alphaTubulin;Phalloidin488: F-actin;Hoechst: nuclei";
LM2_siGENOME_1A;175;H7;LM2_siGENOME_1A_H7;Homo sapiens;NCBITaxon;NCBITaxon_9606;LM2;LM2 is derived from MDA-MB-231;M-017968-01;Dharmacon siGENOME;;9732;DOCK4;;;NM_014705;92091571;;;;pass;;"AlexaFluor647:YAP/TAZ; AlexaFluor568:alphaTubulin;Phalloidin488: F-actin;Hoechst: nuclei";
LM2_siGENOME_1A;176;H8;LM2_siGENOME_1A_H8;Homo sapiens;NCBITaxon;NCBITaxon_9606;LM2;LM2 is derived from MDA-MB-231;M-008335-01;Dharmacon siGENOME;;55114;ARHGAP17;;;NM_018054;56860104;;;;pass;;"AlexaFluor647:YAP/TAZ; AlexaFluor568:alphaTubulin;Phalloidin488: F-actin;Hoechst: nuclei";
LM2_siGENOME_1A;177;H9;LM2_siGENOME_1A_H9;Homo sapiens;NCBITaxon;NCBITaxon_9606;LM2;LM2 is derived from MDA-MB-231;M-023079-01;Dharmacon siGENOME;;55619;DOCK10;;;NM_014689;154146188;;;;pass;;"AlexaFluor647:YAP/TAZ; AlexaFluor568:alphaTubulin;Phalloidin488: F-actin;Hoechst: nuclei";
LM2_siGENOME_1A;178;H10;LM2_siGENOME_1A_H10;Homo sapiens;NCBITaxon;NCBITaxon_9606;LM2;LM2 is derived from MDA-MB-231;M-003791-02;Dharmacon siGENOME;;1124;CHN2;;;NM_001039936;91106927;;;;pass;;"AlexaFluor647:YAP/TAZ; AlexaFluor568:alphaTubulin;Phalloidin488: F-actin;Hoechst: nuclei";
LM2_siGENOME_1A;179;H11;LM2_siGENOME_1A_H11;Homo sapiens;NCBITaxon;NCBITaxon_9606;LM2;LM2 is derived from MDA-MB-231;M-015469-00;Dharmacon siGENOME;;221178;SPATA13;;;NM_153023;23308552;;;;pass;;"AlexaFluor647:YAP/TAZ; AlexaFluor568:alphaTubulin;Phalloidin488: F-actin;Hoechst: nuclei";
LM2_siGENOME_1A;180;H12;LM2_siGENOME_1A_H12;Homo sapiens;NCBITaxon;NCBITaxon_9606;LM2;LM2 is derived from MDA-MB-231;M-003875-05;Dharmacon siGENOME;;613;BCR;;;NM_021574;82546844;;;;pass;;"AlexaFluor647:YAP/TAZ; AlexaFluor568:alphaTubulin;Phalloidin488: F-actin;Hoechst: nuclei";
LM2_siGENOME_1A;181;H13;LM2_siGENOME_1A_H13;Homo sapiens;NCBITaxon;NCBITaxon_9606;LM2;LM2 is derived from MDA-MB-231;M-008235-01;Dharmacon siGENOME;;50649;ARHGEF4;;;NM_015320;15011978;;;;pass;;"AlexaFluor647:YAP/TAZ; AlexaFluor568:alphaTubulin;Phalloidin488: F-actin;Hoechst: nuclei";
LM2_siGENOME_1A;182;H14;LM2_siGENOME_1A_H14;Homo sapiens;NCBITaxon;NCBITaxon_9606;LM2;LM2 is derived from MDA-MB-231;M-020676-00;Dharmacon siGENOME;;56848;FLJ20184;;;NM_017700;8923172;;;;pass;;"AlexaFluor647:YAP/TAZ; AlexaFluor568:alphaTubulin;Phalloidin488: F-actin;Hoechst: nuclei";
LM2_siGENOME_1A;183;H15;LM2_siGENOME_1A_H15;Homo sapiens;NCBITaxon;NCBITaxon_9606;LM2;LM2 is derived from MDA-MB-231;M-020314-01;Dharmacon siGENOME;;23229;ARHGEF9;;;NM_015185;7662107;;;;pass;;"AlexaFluor647:YAP/TAZ; AlexaFluor568:alphaTubulin;Phalloidin488: F-actin;Hoechst: nuclei";
LM2_siGENOME_1A;184;H16;LM2_siGENOME_1A_H16;Homo sapiens;NCBITaxon;NCBITaxon_9606;LM2;LM2 is derived from MDA-MB-231;M-026304-01;Dharmacon siGENOME;;23268;DNMBP;;;NM_015221;157426903;;;;pass;;"AlexaFluor647:YAP/TAZ; AlexaFluor568:alphaTubulin;Phalloidin488: F-actin;Hoechst: nuclei";
LM2_siGENOME_1A;185;H17;LM2_siGENOME_1A_H17;Homo sapiens;NCBITaxon;NCBITaxon_9606;LM2;LM2 is derived from MDA-MB-231;M-020318-01;Dharmacon siGENOME;;55200;PLEKHG6;FLJ10665;Gene symbol updated by IDR curator to be consistent across plates.;NM_018173;141803343;;;;pass;;"AlexaFluor647:YAP/TAZ; AlexaFluor568:alphaTubulin;Phalloidin488: F-actin;Hoechst: nuclei";
LM2_siGENOME_1A;186;H18;LM2_siGENOME_1A_H18;Homo sapiens;NCBITaxon;NCBITaxon_9606;LM2;LM2 is derived from MDA-MB-231;M-009444-01;Dharmacon siGENOME;;4983;OPHN1;;;NM_002547;4505506;;;;pass;;"AlexaFluor647:YAP/TAZ; AlexaFluor568:alphaTubulin;Phalloidin488: F-actin;Hoechst: nuclei";
LM2_siGENOME_1A;187;H19;LM2_siGENOME_1A_H19;Homo sapiens;NCBITaxon;NCBITaxon_9606;LM2;LM2 is derived from MDA-MB-231;M-011253-01;Dharmacon siGENOME;;1793;DOCK1;;;NM_001380;100913207;;;;pass;;"AlexaFluor647:YAP/TAZ; AlexaFluor568:alphaTubulin;Phalloidin488: F-actin;Hoechst: nuclei";
LM2_siGENOME_1A;188;H20;LM2_siGENOME_1A_H20;Homo sapiens;NCBITaxon;NCBITaxon_9606;LM2;LM2 is derived from MDA-MB-231;M-007052-01;Dharmacon siGENOME;;64411;ARAP3;CENTD3;Gene symbol updated by IDR curator to be consistent across plates.;NM_022481;58331234;;;;pass;;"AlexaFluor647:YAP/TAZ; AlexaFluor568:alphaTubulin;Phalloidin488: F-actin;Hoechst: nuclei";
LM2_siGENOME_1A;189;H21;LM2_siGENOME_1A_H21;Homo sapiens;NCBITaxon;NCBITaxon_9606;LM2;LM2 is derived from MDA-MB-231;M-032927-01;Dharmacon siGENOME;;389337;ARHGEF37;FLJ41603;Gene symbol updated by IDR curator to be consistent across plates.;NM_001001669;83715965;;;;pass;;"AlexaFluor647:YAP/TAZ; AlexaFluor568:alphaTubulin;Phalloidin488: F-actin;Hoechst: nuclei";
LM2_siGENOME_1A;190;H22;LM2_siGENOME_1A_H22;Homo sapiens;NCBITaxon;NCBITaxon_9606;LM2;LM2 is derived from MDA-MB-231;M-030269-01;Dharmacon siGENOME;;55701;ARHGEF40;FLJ10357;Gene symbol updated by IDR curator to be consistent across plates.;NM_018071;50843836;;;;pass;;"AlexaFluor647:YAP/TAZ; AlexaFluor568:alphaTubulin;Phalloidin488: F-actin;Hoechst: nuclei";
LM2_siGENOME_1A;195;I3;LM2_siGENOME_1A_I3;Homo sapiens;NCBITaxon;NCBITaxon_9606;LM2;LM2 is derived from MDA-MB-231;M-005194-01;Dharmacon siGENOME;;6654;SOS1;;;NM_005633;15529995;;;;pass;;"AlexaFluor647:YAP/TAZ; AlexaFluor568:alphaTubulin;Phalloidin488: F-actin;Hoechst: nuclei";
LM2_siGENOME_1A;196;I4;LM2_siGENOME_1A_I4;Homo sapiens;NCBITaxon;NCBITaxon_9606;LM2;LM2 is derived from MDA-MB-231;M-010178-03;Dharmacon siGENOME;;10451;VAV3;;;NM_001079874;120432041;;;;pass;;"AlexaFluor647:YAP/TAZ; AlexaFluor568:alphaTubulin;Phalloidin488: F-actin;Hoechst: nuclei";
LM2_siGENOME_1A;197;I5;LM2_siGENOME_1A_I5;Homo sapiens;NCBITaxon;NCBITaxon_9606;LM2;LM2 is derived from MDA-MB-231;M-009354-00;Dharmacon siGENOME;;25791;NGEF;;;NM_019850;29789101;;;;pass;;"AlexaFluor647:YAP/TAZ; AlexaFluor568:alphaTubulin;Phalloidin488: F-actin;Hoechst: nuclei";
LM2_siGENOME_1A;198;I6;LM2_siGENOME_1A_I6;Homo sapiens;NCBITaxon;NCBITaxon_9606;LM2;LM2 is derived from MDA-MB-231;;;;;;;;;;;negative control;mock transfection;pass;;"AlexaFluor647:YAP/TAZ; AlexaFluor568:alphaTubulin;Phalloidin488: F-actin;Hoechst: nuclei";
LM2_siGENOME_1A;199;I7;LM2_siGENOME_1A_I7;Homo sapiens;NCBITaxon;NCBITaxon_9606;LM2;LM2 is derived from MDA-MB-231;M-009731-00;Dharmacon siGENOME;;22899;ARHGEF15;;;NM_173728;32307165;;;;pass;;"AlexaFluor647:YAP/TAZ; AlexaFluor568:alphaTubulin;Phalloidin488: F-actin;Hoechst: nuclei";
LM2_siGENOME_1A;200;I8;LM2_siGENOME_1A_I8;Homo sapiens;NCBITaxon;NCBITaxon_9606;LM2;LM2 is derived from MDA-MB-231;M-024745-01;Dharmacon siGENOME;;57480;PLEKHG1;;;NM_001029884;71274147;;;;pass;;"AlexaFluor647:YAP/TAZ; AlexaFluor568:alphaTubulin;Phalloidin488: F-actin;Hoechst: nuclei";
LM2_siGENOME_1A;201;I9;LM2_siGENOME_1A_I9;Homo sapiens;NCBITaxon;NCBITaxon_9606;LM2;LM2 is derived from MDA-MB-231;M-009833-00;Dharmacon siGENOME;;26084;ARHGEF26;SGEF;Gene symbol updated by IDR curator to be consistent across plates.;NM_015595;21361486;;;;pass;;"AlexaFluor647:YAP/TAZ; AlexaFluor568:alphaTubulin;Phalloidin488: F-actin;Hoechst: nuclei";
LM2_siGENOME_1A;202;I10;LM2_siGENOME_1A_I10;Homo sapiens;NCBITaxon;NCBITaxon_9606;LM2;LM2 is derived from MDA-MB-231;M-009313-00;Dharmacon siGENOME;;23101;MCF2L2;;;NM_015078;31742504;;;;pass;;"AlexaFluor647:YAP/TAZ; AlexaFluor568:alphaTubulin;Phalloidin488: F-actin;Hoechst: nuclei";
LM2_siGENOME_1A;203;I11;LM2_siGENOME_1A_I11;Homo sapiens;NCBITaxon;NCBITaxon_9606;LM2;LM2 is derived from MDA-MB-231;M-008480-00;Dharmacon siGENOME;;23365;ARHGEF12;;;NM_015313;7662087;;;;pass;;"AlexaFluor647:YAP/TAZ; AlexaFluor568:alphaTubulin;Phalloidin488: F-actin;Hoechst: nuclei";
LM2_siGENOME_1A;204;I12;LM2_siGENOME_1A_I12;Homo sapiens;NCBITaxon;NCBITaxon_9606;LM2;LM2 is derived from MDA-MB-231;M-005199-02;Dharmacon siGENOME;;7410;VAV2;;;NM_003371;40549447;;;;pass;;"AlexaFluor647:YAP/TAZ; AlexaFluor568:alphaTubulin;Phalloidin488: F-actin;Hoechst: nuclei";
LM2_siGENOME_1A;205;I13;LM2_siGENOME_1A_I13;Homo sapiens;NCBITaxon;NCBITaxon_9606;LM2;LM2 is derived from MDA-MB-231;M-009731-00;Dharmacon siGENOME;;22899;ARHGEF15;;;NM_173728;32307165;;;;pass;;"AlexaFluor647:YAP/TAZ; AlexaFluor568:alphaTubulin;Phalloidin488: F-actin;Hoechst: nuclei";
LM2_siGENOME_1A;206;I14;LM2_siGENOME_1A_I14;Homo sapiens;NCBITaxon;NCBITaxon_9606;LM2;LM2 is derived from MDA-MB-231;M-028077-01;Dharmacon siGENOME;;152273;FGD5;;;NM_152536;50080161;;;;pass;;"AlexaFluor647:YAP/TAZ; AlexaFluor568:alphaTubulin;Phalloidin488: F-actin;Hoechst: nuclei";
LM2_siGENOME_1A;207;I15;LM2_siGENOME_1A_I15;Homo sapiens;NCBITaxon;NCBITaxon_9606;LM2;LM2 is derived from MDA-MB-231;;;;;;;;;;;negative control;mock transfection;pass;;"AlexaFluor647:YAP/TAZ; AlexaFluor568:alphaTubulin;Phalloidin488: F-actin;Hoechst: nuclei";
LM2_siGENOME_1A;208;I16;LM2_siGENOME_1A_I16;Homo sapiens;NCBITaxon;NCBITaxon_9606;LM2;LM2 is derived from MDA-MB-231;M-015006-01;Dharmacon siGENOME;;84904;ARHGEF39;C9orf100;;NM_032818;90652856;;;;pass;;"AlexaFluor647:YAP/TAZ; AlexaFluor568:alphaTubulin;Phalloidin488: F-actin;Hoechst: nuclei";
LM2_siGENOME_1A;209;I17;LM2_siGENOME_1A_I17;Homo sapiens;NCBITaxon;NCBITaxon_9606;LM2;LM2 is derived from MDA-MB-231;M-024516-01;Dharmacon siGENOME;;5924;RASGRF2;;;NM_006909;38505169;;;;pass;;"AlexaFluor647:YAP/TAZ; AlexaFluor568:alphaTubulin;Phalloidin488: F-actin;Hoechst: nuclei";
LM2_siGENOME_1A;210;I18;LM2_siGENOME_1A_I18;Homo sapiens;NCBITaxon;NCBITaxon_9606;LM2;LM2 is derived from MDA-MB-231;M-022051-01;Dharmacon siGENOME;;26030;PLEKHG3;;;NM_015549;55749620;;;;pass;;"AlexaFluor647:YAP/TAZ; AlexaFluor568:alphaTubulin;Phalloidin488: F-actin;Hoechst: nuclei";
LM2_siGENOME_1A;211;I19;LM2_siGENOME_1A_I19;Homo sapiens;NCBITaxon;NCBITaxon_9606;LM2;LM2 is derived from MDA-MB-231;M-009654-00;Dharmacon siGENOME;;23370;ARHGEF18;;;NM_015318;14670376;;;;pass;;"AlexaFluor647:YAP/TAZ; AlexaFluor568:alphaTubulin;Phalloidin488: F-actin;Hoechst: nuclei";
LM2_siGENOME_1A;212;I20;LM2_siGENOME_1A_I20;Homo sapiens;NCBITaxon;NCBITaxon_9606;LM2;LM2 is derived from MDA-MB-231;M-010231-00;Dharmacon siGENOME;;9459;ARHGEF6;;;NM_004840;22027524;;;;pass;;"AlexaFluor647:YAP/TAZ; AlexaFluor568:alphaTubulin;Phalloidin488: F-actin;Hoechst: nuclei";
LM2_siGENOME_1A;213;I21;LM2_siGENOME_1A_I21;Homo sapiens;NCBITaxon;NCBITaxon_9606;LM2;LM2 is derived from MDA-MB-231;M-009883-01;Dharmacon siGENOME;;9181;ARHGEF2;;;NM_004723;15011973;;;;pass;;"AlexaFluor647:YAP/TAZ; AlexaFluor568:alphaTubulin;Phalloidin488: F-actin;Hoechst: nuclei";
LM2_siGENOME_1A;214;I22;LM2_siGENOME_1A_I22;Homo sapiens;NCBITaxon;NCBITaxon_9606;LM2;LM2 is derived from MDA-MB-231;M-004121-01;Dharmacon siGENOME;;115557;ARHGEF25;GEFT;Gene symbol updated by IDR curator to be consistent across plates.;NM_001111270;162287075;;;;pass;;"AlexaFluor647:YAP/TAZ; AlexaFluor568:alphaTubulin;Phalloidin488: F-actin;Hoechst: nuclei";
LM2_siGENOME_1A;219;J3;LM2_siGENOME_1A_J3;Homo sapiens;NCBITaxon;NCBITaxon_9606;LM2;LM2 is derived from MDA-MB-231;M-026106-01;Dharmacon siGENOME;;81704;DOCK8;;;NM_203447;44889959;;;;pass;;"AlexaFluor647:YAP/TAZ; AlexaFluor568:alphaTubulin;Phalloidin488: F-actin;Hoechst: nuclei";
LM2_siGENOME_1A;220;J4;LM2_siGENOME_1A_J4;Homo sapiens;NCBITaxon;NCBITaxon_9606;LM2;LM2 is derived from MDA-MB-231;M-008611-00;Dharmacon siGENOME;;29;ABR;;;NM_001092;38679953;;;;pass;;"AlexaFluor647:YAP/TAZ; AlexaFluor568:alphaTubulin;Phalloidin488: F-actin;Hoechst: nuclei";
LM2_siGENOME_1A;221;J5;LM2_siGENOME_1A_J5;Homo sapiens;NCBITaxon;NCBITaxon_9606;LM2;LM2 is derived from MDA-MB-231;M-017817-01;Dharmacon siGENOME;;50619;DEF6;;;NM_022047;145312240;;;;pass;;"AlexaFluor647:YAP/TAZ; AlexaFluor568:alphaTubulin;Phalloidin488: F-actin;Hoechst: nuclei";
LM2_siGENOME_1A;222;J6;LM2_siGENOME_1A_J6;Homo sapiens;NCBITaxon;NCBITaxon_9606;LM2;LM2 is derived from MDA-MB-231;M-009580-01;Dharmacon siGENOME;;394;ARHGAP5;;;NM_001173;71834860;;;;pass;;"AlexaFluor647:YAP/TAZ; AlexaFluor568:alphaTubulin;Phalloidin488: F-actin;Hoechst: nuclei";
LM2_siGENOME_1A;223;J7;LM2_siGENOME_1A_J7;Homo sapiens;NCBITaxon;NCBITaxon_9606;LM2;LM2 is derived from MDA-MB-231;M-014170-00;Dharmacon siGENOME;;57722;IGDCC4;NOPE;Gene symbol updated by IDR curator to be consistent across plates.;NM_020962;19882240;;;;pass;;"AlexaFluor647:YAP/TAZ; AlexaFluor568:alphaTubulin;Phalloidin488: F-actin;Hoechst: nuclei";
LM2_siGENOME_1A;224;J8;LM2_siGENOME_1A_J8;Homo sapiens;NCBITaxon;NCBITaxon_9606;LM2;LM2 is derived from MDA-MB-231;M-009580-01;Dharmacon siGENOME;;394;ARHGAP5;;;NM_001173;71834860;;;;pass;;"AlexaFluor647:YAP/TAZ; AlexaFluor568:alphaTubulin;Phalloidin488: F-actin;Hoechst: nuclei";
LM2_siGENOME_1A;225;J9;LM2_siGENOME_1A_J9;Homo sapiens;NCBITaxon;NCBITaxon_9606;LM2;LM2 is derived from MDA-MB-231;M-018931-01;Dharmacon siGENOME;;80005;DOCK5;;;NM_024940;117553585;;;;pass;;"AlexaFluor647:YAP/TAZ; AlexaFluor568:alphaTubulin;Phalloidin488: F-actin;Hoechst: nuclei";
LM2_siGENOME_1A;226;J10;LM2_siGENOME_1A_J10;Homo sapiens;NCBITaxon;NCBITaxon_9606;LM2;LM2 is derived from MDA-MB-231;M-013854-01;Dharmacon siGENOME;;57221;KIAA1244;;;NM_020340;154350240;;;;pass;;"AlexaFluor647:YAP/TAZ; AlexaFluor568:alphaTubulin;Phalloidin488: F-actin;Hoechst: nuclei";
LM2_siGENOME_1A;227;J11;LM2_siGENOME_1A_J11;Homo sapiens;NCBITaxon;NCBITaxon_9606;LM2;LM2 is derived from MDA-MB-231;M-026106-01;Dharmacon siGENOME;;81704;DOCK8;;;NM_203447;44889959;;;;pass;;"AlexaFluor647:YAP/TAZ; AlexaFluor568:alphaTubulin;Phalloidin488: F-actin;Hoechst: nuclei";
LM2_siGENOME_1A;228;J12;LM2_siGENOME_1A_J12;Homo sapiens;NCBITaxon;NCBITaxon_9606;LM2;LM2 is derived from MDA-MB-231;M-004158-02;Dharmacon siGENOME;;2909;GRLF1;;;NM_004491;150417980;;;;pass;;"AlexaFluor647:YAP/TAZ; AlexaFluor568:alphaTubulin;Phalloidin488: F-actin;Hoechst: nuclei";
LM2_siGENOME_1A;229;J13;LM2_siGENOME_1A_J13;Homo sapiens;NCBITaxon;NCBITaxon_9606;LM2;LM2 is derived from MDA-MB-231;M-019915-00;Dharmacon siGENOME;;1794;DOCK2;;;NM_004946;31377467;;;;pass;;"AlexaFluor647:YAP/TAZ; AlexaFluor568:alphaTubulin;Phalloidin488: F-actin;Hoechst: nuclei";
LM2_siGENOME_1A;230;J14;LM2_siGENOME_1A_J14;Homo sapiens;NCBITaxon;NCBITaxon_9606;LM2;LM2 is derived from MDA-MB-231;M-021122-00;Dharmacon siGENOME;;9824;ARHGAP11A;;;NM_014783;40788020;;;;pass;;"AlexaFluor647:YAP/TAZ; AlexaFluor568:alphaTubulin;Phalloidin488: F-actin;Hoechst: nuclei";
LM2_siGENOME_1A;231;J15;LM2_siGENOME_1A_J15;Homo sapiens;NCBITaxon;NCBITaxon_9606;LM2;LM2 is derived from MDA-MB-231;M-014168-01;Dharmacon siGENOME;;57679;ALS2;;;NM_020919;40316934;;;;pass;;"AlexaFluor647:YAP/TAZ; AlexaFluor568:alphaTubulin;Phalloidin488: F-actin;Hoechst: nuclei";
LM2_siGENOME_1A;232;J16;LM2_siGENOME_1A_J16;Homo sapiens;NCBITaxon;NCBITaxon_9606;LM2;LM2 is derived from MDA-MB-231;M-003875-05;Dharmacon siGENOME;;613;BCR;;;NM_021574;82546844;;;;pass;;"AlexaFluor647:YAP/TAZ; AlexaFluor568:alphaTubulin;Phalloidin488: F-actin;Hoechst: nuclei";
LM2_siGENOME_1A;233;J17;LM2_siGENOME_1A_J17;Homo sapiens;NCBITaxon;NCBITaxon_9606;LM2;LM2 is derived from MDA-MB-231;M-018931-01;Dharmacon siGENOME;;80005;DOCK5;;;NM_024940;117553585;;;;pass;;"AlexaFluor647:YAP/TAZ; AlexaFluor568:alphaTubulin;Phalloidin488: F-actin;Hoechst: nuclei";
LM2_siGENOME_1A;234;J18;LM2_siGENOME_1A_J18;Homo sapiens;NCBITaxon;NCBITaxon_9606;LM2;LM2 is derived from MDA-MB-231;M-006539-01;Dharmacon siGENOME;;4649;MYO9A;;;NM_006901;156119614;;;;pass;;"AlexaFluor647:YAP/TAZ; AlexaFluor568:alphaTubulin;Phalloidin488: F-actin;Hoechst: nuclei";
LM2_siGENOME_1A;235;J19;LM2_siGENOME_1A_J19;Homo sapiens;NCBITaxon;NCBITaxon_9606;LM2;LM2 is derived from MDA-MB-231;M-015469-00;Dharmacon siGENOME;;221178;SPATA13;;;NM_153023;23308552;;;;pass;;"AlexaFluor647:YAP/TAZ; AlexaFluor568:alphaTubulin;Phalloidin488: F-actin;Hoechst: nuclei";
LM2_siGENOME_1A;236;J20;LM2_siGENOME_1A_J20;Homo sapiens;NCBITaxon;NCBITaxon_9606;LM2;LM2 is derived from MDA-MB-231;M-008426-01;Dharmacon siGENOME;;23092;ARHGAP26;;;NM_015071;87159827;;;;pass;;"AlexaFluor647:YAP/TAZ; AlexaFluor568:alphaTubulin;Phalloidin488: F-actin;Hoechst: nuclei";
LM2_siGENOME_1A;237;J21;LM2_siGENOME_1A_J21;Homo sapiens;NCBITaxon;NCBITaxon_9606;LM2;LM2 is derived from MDA-MB-231;M-032389-00;Dharmacon siGENOME;;440107;PLEKHG7;FLJ46688;Gene symbol updated by IDR curator to be consistent across plates.;NM_001004330;51972239;;;;pass;;"AlexaFluor647:YAP/TAZ; AlexaFluor568:alphaTubulin;Phalloidin488: F-actin;Hoechst: nuclei";
LM2_siGENOME_1A;238;J22;LM2_siGENOME_1A_J22;Homo sapiens;NCBITaxon;NCBITaxon_9606;LM2;LM2 is derived from MDA-MB-231;M-008611-00;Dharmacon siGENOME;;29;ABR;;;NM_001092;38679953;;;;pass;;"AlexaFluor647:YAP/TAZ; AlexaFluor568:alphaTubulin;Phalloidin488: F-actin;Hoechst: nuclei";
LM2_siGENOME_1A;243;K3;LM2_siGENOME_1A_K3;Homo sapiens;NCBITaxon;NCBITaxon_9606;LM2;LM2 is derived from MDA-MB-231;M-005093-02;Dharmacon siGENOME;;7984;ARHGEF5;;;NM_005435;50959190;;;;pass;;"AlexaFluor647:YAP/TAZ; AlexaFluor568:alphaTubulin;Phalloidin488: F-actin;Hoechst: nuclei";
LM2_siGENOME_1A;244;K4;LM2_siGENOME_1A_K4;Homo sapiens;NCBITaxon;NCBITaxon_9606;LM2;LM2 is derived from MDA-MB-231;M-022573-01;Dharmacon siGENOME;;25894;PLEKHG4;;;NM_015432;70912385;;;;pass;;"AlexaFluor647:YAP/TAZ; AlexaFluor568:alphaTubulin;Phalloidin488: F-actin;Hoechst: nuclei";
LM2_siGENOME_1A;245;K5;LM2_siGENOME_1A_K5;Homo sapiens;NCBITaxon;NCBITaxon_9606;LM2;LM2 is derived from MDA-MB-231;M-010360-00;Dharmacon siGENOME;;9826;ARHGEF11;;;NM_014784;38026914;;;;pass;;"AlexaFluor647:YAP/TAZ; AlexaFluor568:alphaTubulin;Phalloidin488: F-actin;Hoechst: nuclei";
LM2_siGENOME_1A;246;K6;LM2_siGENOME_1A_K6;Homo sapiens;NCBITaxon;NCBITaxon_9606;LM2;LM2 is derived from MDA-MB-231;M-003904-03;Dharmacon siGENOME;;4168;MCF2;;;NM_005369;153791324;;;;pass;;"AlexaFluor647:YAP/TAZ; AlexaFluor568:alphaTubulin;Phalloidin488: F-actin;Hoechst: nuclei";
LM2_siGENOME_1A;247;K7;LM2_siGENOME_1A_K7;Homo sapiens;NCBITaxon;NCBITaxon_9606;LM2;LM2 is derived from MDA-MB-231;M-009751-01;Dharmacon siGENOME;;9828;ARHGEF17;;;NM_014786;21361457;;;;pass;;"AlexaFluor647:YAP/TAZ; AlexaFluor568:alphaTubulin;Phalloidin488: F-actin;Hoechst: nuclei";
LM2_siGENOME_1A;248;K8;LM2_siGENOME_1A_K8;Homo sapiens;NCBITaxon;NCBITaxon_9606;LM2;LM2 is derived from MDA-MB-231;M-009612-01;Dharmacon siGENOME;;2245;FGD1;;;NM_004463;24797152;;;;pass;;"AlexaFluor647:YAP/TAZ; AlexaFluor568:alphaTubulin;Phalloidin488: F-actin;Hoechst: nuclei";
LM2_siGENOME_1A;249;K9;LM2_siGENOME_1A_K9;Homo sapiens;NCBITaxon;NCBITaxon_9606;LM2;LM2 is derived from MDA-MB-231;M-008868-01;Dharmacon siGENOME;;11214;AKAP13;;;NM_006738;31563329;;;;pass;;"AlexaFluor647:YAP/TAZ; AlexaFluor568:alphaTubulin;Phalloidin488: F-actin;Hoechst: nuclei";
LM2_siGENOME_1A;250;K10;LM2_siGENOME_1A_K10;Homo sapiens;NCBITaxon;NCBITaxon_9606;LM2;LM2 is derived from MDA-MB-231;M-005199-02;Dharmacon siGENOME;;7410;VAV2;;;NM_003371;40549447;;;;pass;;"AlexaFluor647:YAP/TAZ; AlexaFluor568:alphaTubulin;Phalloidin488: F-actin;Hoechst: nuclei";
LM2_siGENOME_1A;251;K11;LM2_siGENOME_1A_K11;Homo sapiens;NCBITaxon;NCBITaxon_9606;LM2;LM2 is derived from MDA-MB-231;M-009354-00;Dharmacon siGENOME;;25791;NGEF;;;NM_019850;29789101;;;;pass;;"AlexaFluor647:YAP/TAZ; AlexaFluor568:alphaTubulin;Phalloidin488: F-actin;Hoechst: nuclei";
LM2_siGENOME_1A;252;K12;LM2_siGENOME_1A_K12;Homo sapiens;NCBITaxon;NCBITaxon_9606;LM2;LM2 is derived from MDA-MB-231;M-005047-00;Dharmacon siGENOME;;7204;TRIO;;;NM_007118;6005921;;;;pass;;"AlexaFluor647:YAP/TAZ; AlexaFluor568:alphaTubulin;Phalloidin488: F-actin;Hoechst: nuclei";
LM2_siGENOME_1A;253;K13;LM2_siGENOME_1A_K13;Homo sapiens;NCBITaxon;NCBITaxon_9606;LM2;LM2 is derived from MDA-MB-231;M-005194-01;Dharmacon siGENOME;;6654;SOS1;;;NM_005633;15529995;;;;pass;;"AlexaFluor647:YAP/TAZ; AlexaFluor568:alphaTubulin;Phalloidin488: F-actin;Hoechst: nuclei";
LM2_siGENOME_1A;254;K14;LM2_siGENOME_1A_K14;Homo sapiens;NCBITaxon;NCBITaxon_9606;LM2;LM2 is derived from MDA-MB-231;M-007123-00;Dharmacon siGENOME;;121512;FGD4;;;NM_139241;21245127;;;;pass;;"AlexaFluor647:YAP/TAZ; AlexaFluor568:alphaTubulin;Phalloidin488: F-actin;Hoechst: nuclei";
LM2_siGENOME_1A;255;K15;LM2_siGENOME_1A_K15;Homo sapiens;NCBITaxon;NCBITaxon_9606;LM2;LM2 is derived from MDA-MB-231;M-003915-02;Dharmacon siGENOME;;10276;NET1;;;NM_005863;114145680;;;;pass;;"AlexaFluor647:YAP/TAZ; AlexaFluor568:alphaTubulin;Phalloidin488: F-actin;Hoechst: nuclei";
LM2_siGENOME_1A;256;K16;LM2_siGENOME_1A_K16;Homo sapiens;NCBITaxon;NCBITaxon_9606;LM2;LM2 is derived from MDA-MB-231;M-003932-02;Dharmacon siGENOME;;7074;TIAM1;;;NM_003253;115583669;;;;pass;;"AlexaFluor647:YAP/TAZ; AlexaFluor568:alphaTubulin;Phalloidin488: F-actin;Hoechst: nuclei";
LM2_siGENOME_1A;257;K17;LM2_siGENOME_1A_K17;Homo sapiens;NCBITaxon;NCBITaxon_9606;LM2;LM2 is derived from MDA-MB-231;M-005195-02;Dharmacon siGENOME;;6655;SOS2;;;NM_006939;154689779;;;;pass;;"AlexaFluor647:YAP/TAZ; AlexaFluor568:alphaTubulin;Phalloidin488: F-actin;Hoechst: nuclei";
LM2_siGENOME_1A;258;K18;LM2_siGENOME_1A_K18;Homo sapiens;NCBITaxon;NCBITaxon_9606;LM2;LM2 is derived from MDA-MB-231;M-010098-01;Dharmacon siGENOME;;23263;MCF2L;;;NM_001112732;163644324;;;;pass;;"AlexaFluor647:YAP/TAZ; AlexaFluor568:alphaTubulin;Phalloidin488: F-actin;Hoechst: nuclei";
LM2_siGENOME_1A;259;K19;LM2_siGENOME_1A_K19;Homo sapiens;NCBITaxon;NCBITaxon_9606;LM2;LM2 is derived from MDA-MB-231;M-010234-01;Dharmacon siGENOME;;27237;ARHGEF16;;;NM_014448;163792207;;;;pass;;"AlexaFluor647:YAP/TAZ; AlexaFluor568:alphaTubulin;Phalloidin488: F-actin;Hoechst: nuclei";
LM2_siGENOME_1A;260;K20;LM2_siGENOME_1A_K20;Homo sapiens;NCBITaxon;NCBITaxon_9606;LM2;LM2 is derived from MDA-MB-231;M-003935-01;Dharmacon siGENOME;;7409;VAV1;;;NM_005428;7108366;;;;pass;;"AlexaFluor647:YAP/TAZ; AlexaFluor568:alphaTubulin;Phalloidin488: F-actin;Hoechst: nuclei";
LM2_siGENOME_1A;261;K21;LM2_siGENOME_1A_K21;Homo sapiens;NCBITaxon;NCBITaxon_9606;LM2;LM2 is derived from MDA-MB-231;M-009421-00;Dharmacon siGENOME;;9138;ARHGEF1;;;NM_004706;39777602;;;;pass;;"AlexaFluor647:YAP/TAZ; AlexaFluor568:alphaTubulin;Phalloidin488: F-actin;Hoechst: nuclei";
LM2_siGENOME_1A;262;K22;LM2_siGENOME_1A_K22;Homo sapiens;NCBITaxon;NCBITaxon_9606;LM2;LM2 is derived from MDA-MB-231;M-009237-01;Dharmacon siGENOME;;9855;FARP2;;;NM_014808;7662309;;;;pass;;"AlexaFluor647:YAP/TAZ; AlexaFluor568:alphaTubulin;Phalloidin488: F-actin;Hoechst: nuclei";
LM2_siGENOME_1A;267;L3;LM2_siGENOME_1A_L3;Homo sapiens;NCBITaxon;NCBITaxon_9606;LM2;LM2 is derived from MDA-MB-231;M-024733-01;Dharmacon siGENOME;;345930;ECT2L;LOC345930;Gene symbol updated by IDR curator to be consistent across plates.;NM_001077706;118150677;;;;pass;;"AlexaFluor647:YAP/TAZ; AlexaFluor568:alphaTubulin;Phalloidin488: F-actin;Hoechst: nuclei";
LM2_siGENOME_1A;268;L4;LM2_siGENOME_1A_L4;Homo sapiens;NCBITaxon;NCBITaxon_9606;LM2;LM2 is derived from MDA-MB-231;;;;;;;;;;;negative control;mock transfection;pass;;"AlexaFluor647:YAP/TAZ; AlexaFluor568:alphaTubulin;Phalloidin488: F-actin;Hoechst: nuclei";
LM2_siGENOME_1A;269;L5;LM2_siGENOME_1A_L5;Homo sapiens;NCBITaxon;NCBITaxon_9606;LM2;LM2 is derived from MDA-MB-231;M-014040-00;Dharmacon siGENOME;;23348;DOCK9;;;NM_015296;24308028;;;;pass;;"AlexaFluor647:YAP/TAZ; AlexaFluor568:alphaTubulin;Phalloidin488: F-actin;Hoechst: nuclei";
LM2_siGENOME_1A;270;L6;LM2_siGENOME_1A_L6;Homo sapiens;NCBITaxon;NCBITaxon_9606;LM2;LM2 is derived from MDA-MB-231;M-009238-00;Dharmacon siGENOME;;9912;ARHGAP44;KIAA0672;Gene symbol updated by IDR curator to be consistent across plates.;NM_014859;7662241;;;;pass;;"AlexaFluor647:YAP/TAZ; AlexaFluor568:alphaTubulin;Phalloidin488: F-actin;Hoechst: nuclei";
LM2_siGENOME_1A;271;L7;LM2_siGENOME_1A_L7;Homo sapiens;NCBITaxon;NCBITaxon_9606;LM2;LM2 is derived from MDA-MB-231;M-011253-01;Dharmacon siGENOME;;1793;DOCK1;;;NM_001380;100913207;;;;pass;;"AlexaFluor647:YAP/TAZ; AlexaFluor568:alphaTubulin;Phalloidin488: F-actin;Hoechst: nuclei";
LM2_siGENOME_1A;272;L8;LM2_siGENOME_1A_L8;Homo sapiens;NCBITaxon;NCBITaxon_9606;LM2;LM2 is derived from MDA-MB-231;M-009136-02;Dharmacon siGENOME;;116985;ARAP1;CENTD2;Gene symbol updated by IDR curator to be consistent across plates.;NM_015242;92091602;;;;pass;;"AlexaFluor647:YAP/TAZ; AlexaFluor568:alphaTubulin;Phalloidin488: F-actin;Hoechst: nuclei";
LM2_siGENOME_1A;273;L9;LM2_siGENOME_1A_L9;Homo sapiens;NCBITaxon;NCBITaxon_9606;LM2;LM2 is derived from MDA-MB-231;M-006450-00;Dharmacon siGENOME;;1894;ECT2;;;NM_018098;21735571;;positive control;checks for transfection, gives strong multinuclear phenotype;pass;;"AlexaFluor647:YAP/TAZ; AlexaFluor568:alphaTubulin;Phalloidin488: F-actin;Hoechst: nuclei";
LM2_siGENOME_1A;274;L10;LM2_siGENOME_1A_L10;Homo sapiens;NCBITaxon;NCBITaxon_9606;LM2;LM2 is derived from MDA-MB-231;M-010251-01;Dharmacon siGENOME;;1123;CHN1;;;NM_001025201;68533256;;;;pass;;"AlexaFluor647:YAP/TAZ; AlexaFluor568:alphaTubulin;Phalloidin488: F-actin;Hoechst: nuclei";
LM2_siGENOME_1A;275;L11;LM2_siGENOME_1A_L11;Homo sapiens;NCBITaxon;NCBITaxon_9606;LM2;LM2 is derived from MDA-MB-231;M-008235-01;Dharmacon siGENOME;;50649;ARHGEF4;;;NM_015320;15011978;;;;pass;;"AlexaFluor647:YAP/TAZ; AlexaFluor568:alphaTubulin;Phalloidin488: F-actin;Hoechst: nuclei";
LM2_siGENOME_1A;276;L12;LM2_siGENOME_1A_L12;Homo sapiens;NCBITaxon;NCBITaxon_9606;LM2;LM2 is derived from MDA-MB-231;M-009444-01;Dharmacon siGENOME;;4983;OPHN1;;;NM_002547;4505506;;;;pass;;"AlexaFluor647:YAP/TAZ; AlexaFluor568:alphaTubulin;Phalloidin488: F-actin;Hoechst: nuclei";
LM2_siGENOME_1A;277;L13;LM2_siGENOME_1A_L13;Homo sapiens;NCBITaxon;NCBITaxon_9606;LM2;LM2 is derived from MDA-MB-231;;;;;;;;;;;negative control;mock transfection;pass;;"AlexaFluor647:YAP/TAZ; AlexaFluor568:alphaTubulin;Phalloidin488: F-actin;Hoechst: nuclei";
LM2_siGENOME_1A;278;L14;LM2_siGENOME_1A_L14;Homo sapiens;NCBITaxon;NCBITaxon_9606;LM2;LM2 is derived from MDA-MB-231;M-009238-00;Dharmacon siGENOME;;9912;ARHGAP44;KIAA0672;Gene symbol updated by IDR curator to be consistent across plates.;NM_014859;7662241;;;;pass;;"AlexaFluor647:YAP/TAZ; AlexaFluor568:alphaTubulin;Phalloidin488: F-actin;Hoechst: nuclei";
LM2_siGENOME_1A;279;L15;LM2_siGENOME_1A_L15;Homo sapiens;NCBITaxon;NCBITaxon_9606;LM2;LM2 is derived from MDA-MB-231;M-027177-02;Dharmacon siGENOME;;84033;OBSCN;;;NM_052843;58331252;;;;pass;;"AlexaFluor647:YAP/TAZ; AlexaFluor568:alphaTubulin;Phalloidin488: F-actin;Hoechst: nuclei";
LM2_siGENOME_1A;280;L16;LM2_siGENOME_1A_L16;Homo sapiens;NCBITaxon;NCBITaxon_9606;LM2;LM2 is derived from MDA-MB-231;M-009302-00;Dharmacon siGENOME;;116984;ARAP2;CENTD1;Gene symbol updated by IDR curator to be consistent across plates.;NM_015230;21264591;;;;pass;;"AlexaFluor647:YAP/TAZ; AlexaFluor568:alphaTubulin;Phalloidin488: F-actin;Hoechst: nuclei";
LM2_siGENOME_1A;281;L17;LM2_siGENOME_1A_L17;Homo sapiens;NCBITaxon;NCBITaxon_9606;LM2;LM2 is derived from MDA-MB-231;;;;;;;;;;;negative control;mock transfection;pass;;"AlexaFluor647:YAP/TAZ; AlexaFluor568:alphaTubulin;Phalloidin488: F-actin;Hoechst: nuclei";
LM2_siGENOME_1A;282;L18;LM2_siGENOME_1A_L18;Homo sapiens;NCBITaxon;NCBITaxon_9606;LM2;LM2 is derived from MDA-MB-231;M-003791-02;Dharmacon siGENOME;;1124;CHN2;;;NM_001039936;91106927;;;;pass;;"AlexaFluor647:YAP/TAZ; AlexaFluor568:alphaTubulin;Phalloidin488: F-actin;Hoechst: nuclei";
LM2_siGENOME_1A;283;L19;LM2_siGENOME_1A_L19;Homo sapiens;NCBITaxon;NCBITaxon_9606;LM2;LM2 is derived from MDA-MB-231;M-031725-01;Dharmacon siGENOME;;85440;DOCK7;;;NM_033407;54112428;;;;pass;;"AlexaFluor647:YAP/TAZ; AlexaFluor568:alphaTubulin;Phalloidin488: F-actin;Hoechst: nuclei";
LM2_siGENOME_1A;284;L20;LM2_siGENOME_1A_L20;Homo sapiens;NCBITaxon;NCBITaxon_9606;LM2;LM2 is derived from MDA-MB-231;M-026514-01;Dharmacon siGENOME;;57569;ARHGAP20;;;NM_020809;51479147;;;;pass;;"AlexaFluor647:YAP/TAZ; AlexaFluor568:alphaTubulin;Phalloidin488: F-actin;Hoechst: nuclei";
LM2_siGENOME_1A;285;L21;LM2_siGENOME_1A_L21;Homo sapiens;NCBITaxon;NCBITaxon_9606;LM2;LM2 is derived from MDA-MB-231;M-031950-01;Dharmacon siGENOME;;57572;DOCK6;;;NM_020812;157426886;;;;pass;;"AlexaFluor647:YAP/TAZ; AlexaFluor568:alphaTubulin;Phalloidin488: F-actin;Hoechst: nuclei";
LM2_siGENOME_1A;286;L22;LM2_siGENOME_1A_L22;Homo sapiens;NCBITaxon;NCBITaxon_9606;LM2;LM2 is derived from MDA-MB-231;M-013854-01;Dharmacon siGENOME;;57221;KIAA1244;;;NM_020340;154350240;;;;pass;;"AlexaFluor647:YAP/TAZ; AlexaFluor568:alphaTubulin;Phalloidin488: F-actin;Hoechst: nuclei";
LM2_siGENOME_1A;291;M3;LM2_siGENOME_1A_M3;Homo sapiens;NCBITaxon;NCBITaxon_9606;LM2;LM2 is derived from MDA-MB-231;M-032365-01;Dharmacon siGENOME;;445328;ARHGEF35;FLJ43692;;NM_001003702;51172609;;;;pass;;"AlexaFluor647:YAP/TAZ; AlexaFluor568:alphaTubulin;Phalloidin488: F-actin;Hoechst: nuclei";
LM2_siGENOME_1A;292;M4;LM2_siGENOME_1A_M4;Homo sapiens;NCBITaxon;NCBITaxon_9606;LM2;LM2 is derived from MDA-MB-231;M-003935-01;Dharmacon siGENOME;;7409;VAV1;;;NM_005428;7108366;;;;pass;;"AlexaFluor647:YAP/TAZ; AlexaFluor568:alphaTubulin;Phalloidin488: F-actin;Hoechst: nuclei";
LM2_siGENOME_1A;293;M5;LM2_siGENOME_1A_M5;Homo sapiens;NCBITaxon;NCBITaxon_9606;LM2;LM2 is derived from MDA-MB-231;M-008519-02;Dharmacon siGENOME;;10160;FARP1;;;NM_001001715;159032536;;;;pass;;"AlexaFluor647:YAP/TAZ; AlexaFluor568:alphaTubulin;Phalloidin488: F-actin;Hoechst: nuclei";
LM2_siGENOME_1A;294;M6;LM2_siGENOME_1A_M6;Homo sapiens;NCBITaxon;NCBITaxon_9606;LM2;LM2 is derived from MDA-MB-231;M-004121-01;Dharmacon siGENOME;;115557;ARHGEF25;GEFT;Gene symbol updated by IDR curator to be consistent across plates.;NM_001111270;162287075;;;;pass;;"AlexaFluor647:YAP/TAZ; AlexaFluor568:alphaTubulin;Phalloidin488: F-actin;Hoechst: nuclei";
LM2_siGENOME_1A;295;M7;LM2_siGENOME_1A_M7;Homo sapiens;NCBITaxon;NCBITaxon_9606;LM2;LM2 is derived from MDA-MB-231;M-017096-01;Dharmacon siGENOME;;55160;ARHGEF10L;FLJ10521;;NM_001011722;74136546;;;;pass;;"AlexaFluor647:YAP/TAZ; AlexaFluor568:alphaTubulin;Phalloidin488: F-actin;Hoechst: nuclei";
LM2_siGENOME_1A;296;M8;LM2_siGENOME_1A_M8;Homo sapiens;NCBITaxon;NCBITaxon_9606;LM2;LM2 is derived from MDA-MB-231;M-024745-01;Dharmacon siGENOME;;57480;PLEKHG1;;;NM_001029884;71274147;;;;pass;;"AlexaFluor647:YAP/TAZ; AlexaFluor568:alphaTubulin;Phalloidin488: F-actin;Hoechst: nuclei";
LM2_siGENOME_1A;297;M9;LM2_siGENOME_1A_M9;Homo sapiens;NCBITaxon;NCBITaxon_9606;LM2;LM2 is derived from MDA-MB-231;M-032365-01;Dharmacon siGENOME;;445328;ARHGEF35;FLJ43692;;NM_001003702;51172609;;;;pass;;"AlexaFluor647:YAP/TAZ; AlexaFluor568:alphaTubulin;Phalloidin488: F-actin;Hoechst: nuclei";
LM2_siGENOME_1A;298;M10;LM2_siGENOME_1A_M10;Homo sapiens;NCBITaxon;NCBITaxon_9606;LM2;LM2 is derived from MDA-MB-231;M-009237-01;Dharmacon siGENOME;;9855;FARP2;;;NM_014808;7662309;;;;pass;;"AlexaFluor647:YAP/TAZ; AlexaFluor568:alphaTubulin;Phalloidin488: F-actin;Hoechst: nuclei";
LM2_siGENOME_1A;299;M11;LM2_siGENOME_1A_M11;Homo sapiens;NCBITaxon;NCBITaxon_9606;LM2;LM2 is derived from MDA-MB-231;M-009323-00;Dharmacon siGENOME;;5923;RASGRF1;;;NM_002891;24797098;;;;pass;;"AlexaFluor647:YAP/TAZ; AlexaFluor568:alphaTubulin;Phalloidin488: F-actin;Hoechst: nuclei";
LM2_siGENOME_1A;300;M12;LM2_siGENOME_1A_M12;Homo sapiens;NCBITaxon;NCBITaxon_9606;LM2;LM2 is derived from MDA-MB-231;M-009616-00;Dharmacon siGENOME;;8874;ARHGEF7;;;NM_003899;22027526;;;;pass;;"AlexaFluor647:YAP/TAZ; AlexaFluor568:alphaTubulin;Phalloidin488: F-actin;Hoechst: nuclei";
LM2_siGENOME_1A;301;M13;LM2_siGENOME_1A_M13;Homo sapiens;NCBITaxon;NCBITaxon_9606;LM2;LM2 is derived from MDA-MB-231;M-008480-00;Dharmacon siGENOME;;23365;ARHGEF12;;;NM_015313;7662087;;;;pass;;"AlexaFluor647:YAP/TAZ; AlexaFluor568:alphaTubulin;Phalloidin488: F-actin;Hoechst: nuclei";
LM2_siGENOME_1A;302;M14;LM2_siGENOME_1A_M14;Homo sapiens;NCBITaxon;NCBITaxon_9606;LM2;LM2 is derived from MDA-MB-231;M-008434-02;Dharmacon siGENOME;;26230;TIAM2;;;NM_001010927;73695942;;;;pass;;"AlexaFluor647:YAP/TAZ; AlexaFluor568:alphaTubulin;Phalloidin488: F-actin;Hoechst: nuclei";
LM2_siGENOME_1A;303;M15;LM2_siGENOME_1A_M15;Homo sapiens;NCBITaxon;NCBITaxon_9606;LM2;LM2 is derived from MDA-MB-231;M-009421-00;Dharmacon siGENOME;;9138;ARHGEF1;;;NM_004706;39777602;;;;pass;;"AlexaFluor647:YAP/TAZ; AlexaFluor568:alphaTubulin;Phalloidin488: F-actin;Hoechst: nuclei";
LM2_siGENOME_1A;304;M16;LM2_siGENOME_1A_M16;Homo sapiens;NCBITaxon;NCBITaxon_9606;LM2;LM2 is derived from MDA-MB-231;;;;;;;;;;;negative control;mock transfection;pass;;"AlexaFluor647:YAP/TAZ; AlexaFluor568:alphaTubulin;Phalloidin488: F-actin;Hoechst: nuclei";
LM2_siGENOME_1A;305;M17;LM2_siGENOME_1A_M17;Homo sapiens;NCBITaxon;NCBITaxon_9606;LM2;LM2 is derived from MDA-MB-231;M-009841-00;Dharmacon siGENOME;;50618;ITSN2;;;NM_006277;22325384;;;;pass;;"AlexaFluor647:YAP/TAZ; AlexaFluor568:alphaTubulin;Phalloidin488: F-actin;Hoechst: nuclei";
LM2_siGENOME_1A;306;M18;LM2_siGENOME_1A_M18;Homo sapiens;NCBITaxon;NCBITaxon_9606;LM2;LM2 is derived from MDA-MB-231;M-009612-01;Dharmacon siGENOME;;2245;FGD1;;;NM_004463;24797152;;;;pass;;"AlexaFluor647:YAP/TAZ; AlexaFluor568:alphaTubulin;Phalloidin488: F-actin;Hoechst: nuclei";
LM2_siGENOME_1A;307;M19;LM2_siGENOME_1A_M19;Homo sapiens;NCBITaxon;NCBITaxon_9606;LM2;LM2 is derived from MDA-MB-231;M-009841-00;Dharmacon siGENOME;;50618;ITSN2;;;NM_006277;22325384;;;;pass;;"AlexaFluor647:YAP/TAZ; AlexaFluor568:alphaTubulin;Phalloidin488: F-actin;Hoechst: nuclei";
LM2_siGENOME_1A;308;M20;LM2_siGENOME_1A_M20;Homo sapiens;NCBITaxon;NCBITaxon_9606;LM2;LM2 is derived from MDA-MB-231;M-007123-00;Dharmacon siGENOME;;121512;FGD4;;;NM_139241;21245127;;;;pass;;"AlexaFluor647:YAP/TAZ; AlexaFluor568:alphaTubulin;Phalloidin488: F-actin;Hoechst: nuclei";
LM2_siGENOME_1A;309;M21;LM2_siGENOME_1A_M21;Homo sapiens;NCBITaxon;NCBITaxon_9606;LM2;LM2 is derived from MDA-MB-231;M-009833-00;Dharmacon siGENOME;;26084;ARHGEF26;SGEF;Gene symbol updated by IDR curator to be consistent across plates.;NM_015595;21361486;;;;pass;;"AlexaFluor647:YAP/TAZ; AlexaFluor568:alphaTubulin;Phalloidin488: F-actin;Hoechst: nuclei";
LM2_siGENOME_1A;310;M22;LM2_siGENOME_1A_M22;Homo sapiens;NCBITaxon;NCBITaxon_9606;LM2;LM2 is derived from MDA-MB-231;M-008431-00;Dharmacon siGENOME;;221472;FGD2;;;NM_173558;34222232;;;;pass;;"AlexaFluor647:YAP/TAZ; AlexaFluor568:alphaTubulin;Phalloidin488: F-actin;Hoechst: nuclei";
LM2_siGENOME_1A;315;N3;LM2_siGENOME_1A_N3;Homo sapiens;NCBITaxon;NCBITaxon_9606;LM2;LM2 is derived from MDA-MB-231;M-010323-01;Dharmacon siGENOME;;23075;SWAP70;;;NM_015055;93102363;;;;pass;;"AlexaFluor647:YAP/TAZ; AlexaFluor568:alphaTubulin;Phalloidin488: F-actin;Hoechst: nuclei";
LM2_siGENOME_1A;316;N4;LM2_siGENOME_1A_N4;Homo sapiens;NCBITaxon;NCBITaxon_9606;LM2;LM2 is derived from MDA-MB-231;M-004775-01;Dharmacon siGENOME;;57584;ARHGAP21;;;NM_020824;50345878;;;;pass;;"AlexaFluor647:YAP/TAZ; AlexaFluor568:alphaTubulin;Phalloidin488: F-actin;Hoechst: nuclei";
LM2_siGENOME_1A;317;N5;LM2_siGENOME_1A_N5;Homo sapiens;NCBITaxon;NCBITaxon_9606;LM2;LM2 is derived from MDA-MB-231;M-012695-01;Dharmacon siGENOME;;1795;DOCK3;;;NM_004947;54400756;;;;pass;;"AlexaFluor647:YAP/TAZ; AlexaFluor568:alphaTubulin;Phalloidin488: F-actin;Hoechst: nuclei";
LM2_siGENOME_1A;318;N6;LM2_siGENOME_1A_N6;Homo sapiens;NCBITaxon;NCBITaxon_9606;LM2;LM2 is derived from MDA-MB-231;M-009546-01;Dharmacon siGENOME;;23616;SH3BP1;;;NM_018957;85815828;;;;pass;;"AlexaFluor647:YAP/TAZ; AlexaFluor568:alphaTubulin;Phalloidin488: F-actin;Hoechst: nuclei";
LM2_siGENOME_1A;319;N7;LM2_siGENOME_1A_N7;Homo sapiens;NCBITaxon;NCBITaxon_9606;LM2;LM2 is derived from MDA-MB-231;;;;;;;;;;;negative control;mock transfection;pass;;"AlexaFluor647:YAP/TAZ; AlexaFluor568:alphaTubulin;Phalloidin488: F-actin;Hoechst: nuclei";
LM2_siGENOME_1A;320;N8;LM2_siGENOME_1A_N8;Homo sapiens;NCBITaxon;NCBITaxon_9606;LM2;LM2 is derived from MDA-MB-231;M-030269-01;Dharmacon siGENOME;;55701;ARHGEF40;FLJ10357;Gene symbol updated by IDR curator to be consistent across plates.;NM_018071;50843836;;;;pass;;"AlexaFluor647:YAP/TAZ; AlexaFluor568:alphaTubulin;Phalloidin488: F-actin;Hoechst: nuclei";
LM2_siGENOME_1A;321;N9;LM2_siGENOME_1A_N9;Homo sapiens;NCBITaxon;NCBITaxon_9606;LM2;LM2 is derived from MDA-MB-231;;;;;;;;;;;negative control;mock transfection;pass;;"AlexaFluor647:YAP/TAZ; AlexaFluor568:alphaTubulin;Phalloidin488: F-actin;Hoechst: nuclei";
LM2_siGENOME_1A;322;N10;LM2_siGENOME_1A_N10;Homo sapiens;NCBITaxon;NCBITaxon_9606;LM2;LM2 is derived from MDA-MB-231;M-035016-00;Dharmacon siGENOME;;89839;FAM7A2;;;NM_001039841;89886349;;;;pass;;"AlexaFluor647:YAP/TAZ; AlexaFluor568:alphaTubulin;Phalloidin488: F-actin;Hoechst: nuclei";
LM2_siGENOME_1A;323;N11;LM2_siGENOME_1A_N11;Homo sapiens;NCBITaxon;NCBITaxon_9606;LM2;LM2 is derived from MDA-MB-231;;;;;;;;;;;negative control;mock transfection;pass;;"AlexaFluor647:YAP/TAZ; AlexaFluor568:alphaTubulin;Phalloidin488: F-actin;Hoechst: nuclei";
LM2_siGENOME_1A;324;N12;LM2_siGENOME_1A_N12;Homo sapiens;NCBITaxon;NCBITaxon_9606;LM2;LM2 is derived from MDA-MB-231;M-008966-00;Dharmacon siGENOME;;392;ARHGAP1;;;NM_004308;19923243;;;;pass;;"AlexaFluor647:YAP/TAZ; AlexaFluor568:alphaTubulin;Phalloidin488: F-actin;Hoechst: nuclei";
LM2_siGENOME_1A;325;N13;LM2_siGENOME_1A_N13;Homo sapiens;NCBITaxon;NCBITaxon_9606;LM2;LM2 is derived from MDA-MB-231;;;;;;;;;;;negative control;mock transfection;pass;;"AlexaFluor647:YAP/TAZ; AlexaFluor568:alphaTubulin;Phalloidin488: F-actin;Hoechst: nuclei";
LM2_siGENOME_1A;326;N14;LM2_siGENOME_1A_N14;Homo sapiens;NCBITaxon;NCBITaxon_9606;LM2;LM2 is derived from MDA-MB-231;M-010251-01;Dharmacon siGENOME;;1123;CHN1;;;NM_001025201;68533256;;;;pass;;"AlexaFluor647:YAP/TAZ; AlexaFluor568:alphaTubulin;Phalloidin488: F-actin;Hoechst: nuclei";
LM2_siGENOME_1A;327;N15;LM2_siGENOME_1A_N15;Homo sapiens;NCBITaxon;NCBITaxon_9606;LM2;LM2 is derived from MDA-MB-231;;;;;;;;;;;negative control;mock transfection;pass;;"AlexaFluor647:YAP/TAZ; AlexaFluor568:alphaTubulin;Phalloidin488: F-actin;Hoechst: nuclei";
LM2_siGENOME_1A;328;N16;LM2_siGENOME_1A_N16;Homo sapiens;NCBITaxon;NCBITaxon_9606;LM2;LM2 is derived from MDA-MB-231;M-008650-00;Dharmacon siGENOME;;29127;RACGAP1;;;NM_013277;21361396;;positive control;checks for transfection, gives strong multinuclear phenotype;pass;;"AlexaFluor647:YAP/TAZ; AlexaFluor568:alphaTubulin;Phalloidin488: F-actin;Hoechst: nuclei";
LM2_siGENOME_1A;329;N17;LM2_siGENOME_1A_N17;Homo sapiens;NCBITaxon;NCBITaxon_9606;LM2;LM2 is derived from MDA-MB-231;;;;;;;;;;;negative control;mock transfection;pass;;"AlexaFluor647:YAP/TAZ; AlexaFluor568:alphaTubulin;Phalloidin488: F-actin;Hoechst: nuclei";
LM2_siGENOME_1A;330;N18;LM2_siGENOME_1A_N18;Homo sapiens;NCBITaxon;NCBITaxon_9606;LM2;LM2 is derived from MDA-MB-231;M-021122-00;Dharmacon siGENOME;;9824;ARHGAP11A;;;NM_014783;40788020;;;;pass;;"AlexaFluor647:YAP/TAZ; AlexaFluor568:alphaTubulin;Phalloidin488: F-actin;Hoechst: nuclei";
LM2_siGENOME_1A;331;N19;LM2_siGENOME_1A_N19;Homo sapiens;NCBITaxon;NCBITaxon_9606;LM2;LM2 is derived from MDA-MB-231;;;;;;;;;;;negative control;mock transfection;pass;;"AlexaFluor647:YAP/TAZ; AlexaFluor568:alphaTubulin;Phalloidin488: F-actin;Hoechst: nuclei";
LM2_siGENOME_1A;332;N20;LM2_siGENOME_1A_N20;Homo sapiens;NCBITaxon;NCBITaxon_9606;LM2;LM2 is derived from MDA-MB-231;M-009382-01;Dharmacon siGENOME;;79658;ARHGAP10;;;NM_024605;31377700;;;;pass;;"AlexaFluor647:YAP/TAZ; AlexaFluor568:alphaTubulin;Phalloidin488: F-actin;Hoechst: nuclei";
LM2_siGENOME_1A;333;N21;LM2_siGENOME_1A_N21;Homo sapiens;NCBITaxon;NCBITaxon_9606;LM2;LM2 is derived from MDA-MB-231;;;;;;;;;;;negative control;mock transfection;pass;;"AlexaFluor647:YAP/TAZ; AlexaFluor568:alphaTubulin;Phalloidin488: F-actin;Hoechst: nuclei";
LM2_siGENOME_1A;334;N22;LM2_siGENOME_1A_N22;Homo sapiens;NCBITaxon;NCBITaxon_9606;LM2;LM2 is derived from MDA-MB-231;M-007052-01;Dharmacon siGENOME;;64411;ARAP3;CENTD3;Gene symbol updated by IDR curator to be consistent across plates.;NM_022481;58331234;;;;pass;;"AlexaFluor647:YAP/TAZ; AlexaFluor568:alphaTubulin;Phalloidin488: F-actin;Hoechst: nuclei";
